∞¸∏Æ±‚∞¸∏Ì,º“¿Á¡ˆµµ∑Œ∏Ì¡÷º“,º“¿Á¡ˆ¡ˆπ¯¡÷º“,º≥ƒ°∏Ò¿˚±∏∫–,ƒ´∏ﬁ∂Û¥Îºˆ,ƒ´∏ﬁ∂Û»≠º“ºˆ,√‘øµπÊ∏È¡§∫∏,∫∏∞¸¿œºˆ,º≥ƒ°≥‚ø˘,∞¸∏Æ±‚∞¸¿¸»≠π¯»£,¿ßµµ,∞Êµµ,µ•¿Ã≈Õ±‚¡ÿ¿œ¿⁄
º≠øÔ∆Ø∫∞Ω√µø¿€±∏√ª,º≠øÔ∆Ø∫∞Ω√ µø¿€±∏ ¿ÂΩ¬πË±‚∑Œ23±Ê 10,,ª˝»∞πÊπ¸,3,,,,,02-820-2906,37.51010346,126.9394527,2020/03/24
º≠øÔ∆Ø∫∞Ω√µø¿€±∏√ª,º≠øÔ∆Ø∫∞Ω√ µø¿€±∏ ≥Î∑Æ¡¯∑Œ8±Ê 40,,ª˝»∞πÊπ¸,3,,,,,02-820-2906,37.51242341,126.9374647,2020/03/24
º≠øÔ∆Ø∫∞Ω√µø¿€±∏√ª,º≠øÔ∆Ø∫∞Ω√ µø¿€±∏ ¿ÂΩ¬πË±‚∑Œ18±Ê 27,,ª˝»∞πÊπ¸,3,,,,,02-820-2906,37.50770793,126.9417167,2020/03/24
º≠øÔ∆Ø∫∞Ω√µø¿€±∏√ª,º≠øÔ∆Ø∫∞Ω√ µø¿€±∏ ∏∏æÁ∑Œ14¥Ÿ±Ê 7,,ª˝»∞πÊπ¸,1,,,,,02-820-2906,37.51128129,126.9454374,2020/03/24
º≠øÔ∆Ø∫∞Ω√µø¿€±∏√ª,º≠øÔ∆Ø∫∞Ω√ µø¿€±∏ ¿ÂΩ¬πË±‚∑Œ22±Ê 44(,,ª˝»∞πÊπ¸,1,,,,,02-820-2906,37.508436,126.9418337,2020/03/24
º≠øÔ∆Ø∫∞Ω√µø¿€±∏√ª,º≠øÔ∆Ø∫∞Ω√ µø¿€±∏ ¿ÂΩ¬πË±‚∑Œ19¥Ÿ±Ê 24(≥Î∑Æ¡¯2µø 302-27),,ª˝»∞πÊπ¸,1,,,,,02-820-2906,37.50921952,126.9376076,2020/03/24
º≠øÔ∆Ø∫∞Ω√µø¿€±∏√ª,º≠øÔ∆Ø∫∞Ω√ µø¿€±∏ ¿ÂΩ¬πË±‚∑Œ24∞°±Ê 39(≥Î∑Æ¡¯1µø 232-52),,ª˝»∞πÊπ¸,1,,,,,02-820-2906,37.51124718,126.9419356,2020/03/24
º≠øÔ∆Ø∫∞Ω√µø¿€±∏√ª,º≠øÔ∆Ø∫∞Ω√ µø¿€±∏ ≥Î∑Æ¡¯∑Œ26±Ê 65(≥Î∑Æ¡¯1µø 485-2),,ª˝»∞πÊπ¸,1,,,,,02-820-2906,37.50977907,126.9556088,2020/03/24
º≠øÔ∆Ø∫∞Ω√µø¿€±∏√ª,º≠øÔ∆Ø∫∞Ω√ µø¿€±∏ ≥Î∑Æ¡¯∑Œ18±Ê 20(≥Î∑Æ¡¯1µø 408-1),,ª˝»∞πÊπ¸,3,,,,,02-820-2906,37.51199725,126.9508298,2020/03/24
º≠øÔ∆Ø∫∞Ω√µø¿€±∏√ª,º≠øÔ∆Ø∫∞Ω√ µø¿€±∏ ªÛµµ∑Œ60±Ê 35(ªÛµµ1µø 126-65),,ª˝»∞πÊπ¸,3,,,,,02-820-2906,37.49214783,126.9546649,2020/03/24
º≠øÔ∆Ø∫∞Ω√µø¿€±∏√ª,º≠øÔ∆Ø∫∞Ω√ µø¿€±∏ ªÛµµ∑Œ67±Ê 20(ªÛµµ1µø 504-13),,ª˝»∞πÊπ¸,4,,,,,02-820-2906,37.49448764,126.9567939,2020/03/24
º≠øÔ∆Ø∫∞Ω√µø¿€±∏√ª,º≠øÔ∆Ø∫∞Ω√ µø¿€±∏ ªÛµµ∑Œ41∞°±Ê 6(ªÛµµ1µø 465),,ª˝»∞πÊπ¸,4,,,,,02-820-2906,37.50264463,126.9503655,2020/03/24
º≠øÔ∆Ø∫∞Ω√µø¿€±∏√ª,º≠øÔ∆Ø∫∞Ω√ µø¿€±∏ ªÛµµ∑Œ 41±Ê 50(ªÛµµ1µø 440),,ª˝»∞πÊπ¸,4,,,,,02-820-2906,37.50248301,126.9517408,2020/03/24
º≠øÔ∆Ø∫∞Ω√µø¿€±∏√ª,º≠øÔ∆Ø∫∞Ω√ µø¿€±∏ ªÛµµ∑Œ47¥Ÿ±Ê 32(ªÛµµ1µø 319-1),,ª˝»∞πÊπ¸,4,,,,,02-820-2906,37.50155378,126.9532297,2020/03/24
º≠øÔ∆Ø∫∞Ω√µø¿€±∏√ª,º≠øÔ∆Ø∫∞Ω√ µø¿€±∏ ªÛµµ∑Œ56±Ê 6(ªÛµµ1µø 473-7),,ª˝»∞πÊπ¸,4,,,,,02-820-2906,37.49611864,126.9525727,2020/03/24
º≠øÔ∆Ø∫∞Ω√µø¿€±∏√ª,º≠øÔ∆Ø∫∞Ω√ µø¿€±∏ ªÛµµ∑Œ15∏∂±Ê 22(ªÛµµ2µø 356-85),,ª˝»∞πÊπ¸,4,,,,,02-820-2906,37.50347614,126.9336178,2020/03/24
º≠øÔ∆Ø∫∞Ω√µø¿€±∏√ª,º≠øÔ∆Ø∫∞Ω√ µø¿€±∏ ªÛµµ∑Œ15æ∆±Ê 18(ªÛµµ2µø 361-52),,ª˝»∞πÊπ¸,3,,,,,02-820-2906,37.50435247,126.9346168,2020/03/24
º≠øÔ∆Ø∫∞Ω√µø¿€±∏√ª,º≠øÔ∆Ø∫∞Ω√ µø¿€±∏ ªÛµµ∑Œ26∞°±Ê 8(ªÛµµ2µø 183-22),,ª˝»∞πÊπ¸,3,,,,,02-820-2906,37.50353636,126.9383361,2020/03/24
º≠øÔ∆Ø∫∞Ω√µø¿€±∏√ª,º≠øÔ∆Ø∫∞Ω√ µø¿€±∏ ∏∏æÁ∑Œ1±Ê 18(ªÛµµ2µø 22-43),,ª˝»∞πÊπ¸,3,,,,,02-820-2906,37.50652814,126.9466487,2020/03/24
º≠øÔ∆Ø∫∞Ω√µø¿€±∏√ª,º≠øÔ∆Ø∫∞Ω√ µø¿€±∏ ¥ÎπÊµø2±Ê 38,,ª˝»∞πÊπ¸,3,,,,,02-820-2906,37.50293193,126.9274841,2020/03/24
º≠øÔ∆Ø∫∞Ω√µø¿€±∏√ª,º≠øÔ∆Ø∫∞Ω√ µø¿€±∏ ±πªÁ∫¿10±Ê 20(ªÛµµ3µø 299-109),,ª˝»∞πÊπ¸,3,,,,,02-820-2906,37.4952467,126.931083,2020/03/24
º≠øÔ∆Ø∫∞Ω√µø¿€±∏√ª,º≠øÔ∆Ø∫∞Ω√ µø¿€±∏ º∫¥Î∑Œ6∞°±Ê 41(ªÛµµ3µø 256-219),,ª˝»∞πÊπ¸,4,,,,,02-820-2906,37.49711496,126.9334742,2020/03/24
º≠øÔ∆Ø∫∞Ω√µø¿€±∏√ª,º≠øÔ∆Ø∫∞Ω√ µø¿€±∏ ±πªÁ∫¿5±Ê 1(ªÛµµ3µø 304-6),,ª˝»∞πÊπ¸,4,,,,,02-820-2906,37.49776908,126.9303343,2020/03/24
º≠øÔ∆Ø∫∞Ω√µø¿€±∏√ª,º≠øÔ∆Ø∫∞Ω√ µø¿€±∏ º∫¥Î∑Œ21∞°±Ê 29(ªÛµµ4µø 244-47),,ª˝»∞πÊπ¸,3,,,,,02-820-2906,37.49931074,126.935146,2020/03/24
º≠øÔ∆Ø∫∞Ω√µø¿€±∏√ª,º≠øÔ∆Ø∫∞Ω√ µø¿€±∏ º∫¥Î∑Œ10±Ê 55(ªÛµµ4µø 279-52),,ª˝»∞πÊπ¸,4,,,,,02-820-2906,37.49603539,126.936456,2020/03/24
º≠øÔ∆Ø∫∞Ω√µø¿€±∏√ª,º≠øÔ∆Ø∫∞Ω√ µø¿€±∏ º∫¥Î∑Œ31±Ê 33(ªÛµµ4µø 202-221),,ª˝»∞πÊπ¸,4,,,,,02-820-2906,37.50021011,126.938841,2020/03/24
º≠øÔ∆Ø∫∞Ω√µø¿€±∏√ª,º≠øÔ∆Ø∫∞Ω√ µø¿€±∏ æÁ≥Á∑Œ28±Ê 54(ªÛµµ4µø 211-132),,ª˝»∞πÊπ¸,5,,,,,02-820-2906,37.49805868,126.9466367,2020/03/24
º≠øÔ∆Ø∫∞Ω√µø¿€±∏√ª,º≠øÔ∆Ø∫∞Ω√ µø¿€±∏ º≠¥ﬁ∑Œ8∞°±Ê2(»ÊºÆµø 93-147),,ª˝»∞πÊπ¸,3,,,,,02-820-2906,37.50580963,126.9618904,2020/03/24
º≠øÔ∆Ø∫∞Ω√µø¿€±∏√ª,º≠øÔ∆Ø∫∞Ω√ µø¿€±∏ º≠¥ﬁ∑Œ10±Ê 64(»ÊºÆµø 84-10),,ª˝»∞πÊπ¸,1,,,,,02-820-2906,37.50420975,126.9628276,2020/03/24
º≠øÔ∆Ø∫∞Ω√µø¿€±∏√ª,º≠øÔ∆Ø∫∞Ω√ µø¿€±∏ »ÊºÆ∑Œ3±Ê 38-1(»ÊºÆµø 200-12),,ª˝»∞πÊπ¸,3,,,,,02-820-2906,37.50871608,126.9561387,2020/03/24
º≠øÔ∆Ø∫∞Ω√µø¿€±∏√ª,º≠øÔ∆Ø∫∞Ω√ µø¿€±∏ º≠¥ﬁ∑Œ6±Ê 19(»ÊºÆµø 79-24),,ª˝»∞πÊπ¸,3,,,,,02-820-2906,37.5033265,126.9620138,2020/03/24
º≠øÔ∆Ø∫∞Ω√µø¿€±∏√ª,º≠øÔ∆Ø∫∞Ω√ µø¿€±∏ ¥ÎπÊµø3±Ê 39,,ª˝»∞πÊπ¸,4,,,,,02-820-2906,37.50122585,126.9252737,2020/03/24
º≠øÔ∆Ø∫∞Ω√µø¿€±∏√ª,º≠øÔ∆Ø∫∞Ω√ µø¿€±∏ ¥ÎπÊµø2±Ê 22,,ª˝»∞πÊπ¸,2,,,,,02-820-2906,37.50170365,126.9286253,2020/03/24
º≠øÔ∆Ø∫∞Ω√µø¿€±∏√ª,º≠øÔ∆Ø∫∞Ω√ µø¿€±∏ µÓøÎ∑Œ4±Ê 43(¥ÎπÊµø 13-4),,ª˝»∞πÊπ¸,4,,,,,02-820-2906,37.50736923,126.9349671,2020/03/24
º≠øÔ∆Ø∫∞Ω√µø¿€±∏√ª,º≠øÔ∆Ø∫∞Ω√ µø¿€±∏ ø©¿«¥ÎπÊ∑Œ62±Ê 14(¥ÎπÊµø 101-5),,ª˝»∞πÊπ¸,4,,,,,02-820-2906,37.51390299,126.9281793,2020/03/24
º≠øÔ∆Ø∫∞Ω√µø¿€±∏√ª,º≠øÔ∆Ø∫∞Ω√ µø¿€±∏ ¥ÎπÊµø 9±Ê 14(¥ÎπÊµø 391-249),,ª˝»∞πÊπ¸,3,,,,,02-820-2906,37.50208426,126.9263178,2020/03/24
º≠øÔ∆Ø∫∞Ω√µø¿€±∏√ª,º≠øÔ∆Ø∫∞Ω√ µø¿€±∏ ø©¿«¥ÎπÊ∑Œ24∂Û±Ê 13(¥ÎπÊµø 415-47),,ª˝»∞πÊπ¸,3,,,,,02-820-2906,37.49859303,126.9223541,2020/03/24
º≠øÔ∆Ø∫∞Ω√µø¿€±∏√ª,º≠øÔ∆Ø∫∞Ω√ µø¿€±∏ Ω≈¥ÎπÊ2≥™±Ê 1(Ω≈¥ÎπÊ1µø 621-1),,ª˝»∞πÊπ¸,3,,,,,02-820-2906,37.4889817,126.9128931,2020/03/24
º≠øÔ∆Ø∫∞Ω√µø¿€±∏√ª,º≠øÔ∆Ø∫∞Ω√ µø¿€±∏ Ω≈¥ÎπÊ1±Ê 72(Ω≈¥ÎπÊ1µø 696-4),,ª˝»∞πÊπ¸,3,,,,,02-820-2906,37.48600456,126.9078718,2020/03/24
º≠øÔ∆Ø∫∞Ω√µø¿€±∏√ª,,º≠øÔ∆Ø∫∞Ω√ µø¿€±∏ Ω≈¥ÎπÊ1µø 631-38,ª˝»∞πÊπ¸,3,,,,,02-820-2906,37.488202,126.913845,2020/03/24
º≠øÔ∆Ø∫∞Ω√µø¿€±∏√ª,,º≠øÔ∆Ø∫∞Ω√ µø¿€±∏ Ω≈¥ÎπÊ1µø 459-6,ª˝»∞πÊπ¸,2,,,,,02-820-2906,37.489168,126.915635,2020/03/24
º≠øÔ∆Ø∫∞Ω√µø¿€±∏√ª,º≠øÔ∆Ø∫∞Ω√ µø¿€±∏ Ω≈¥ÎπÊ14±Ê 15(Ω≈¥ÎπÊ1µø 600-57),,ª˝»∞πÊπ¸,4,,,,,02-820-2906,37.48977688,126.9111282,2020/03/24
º≠øÔ∆Ø∫∞Ω√µø¿€±∏√ª,º≠øÔ∆Ø∫∞Ω√ µø¿€±∏ Ω≈¥ÎπÊ14∞°±Ê 47(Ω≈¥ÎπÊ1µø 632-58),,ª˝»∞πÊπ¸,3,,,,,02-820-2906,37.48999845,126.9134618,2020/03/24
º≠øÔ∆Ø∫∞Ω√µø¿€±∏√ª,º≠øÔ∆Ø∫∞Ω√ µø¿€±∏ ø©¿«¥ÎπÊ∑Œ22ƒ´±Ê 47(Ω≈¥ÎπÊ2µø 360-186),,ª˝»∞πÊπ¸,3,,,,,02-820-2906,37.49626712,126.92593,2020/03/24
º≠øÔ∆Ø∫∞Ω√µø¿€±∏√ª,º≠øÔ∆Ø∫∞Ω√ µø¿€±∏ ±πªÁ∫¿2±Ê 29(Ω≈¥ÎπÊµø 339-21),,ª˝»∞πÊπ¸,3,,,,,02-820-2906,37.49727787,126.9285616,2020/03/24
º≠øÔ∆Ø∫∞Ω√µø¿€±∏√ª,º≠øÔ∆Ø∫∞Ω√ µø¿€±∏ ∫∏∂Û∏≈∑Œ9±Ê 12(Ω≈¥ÎπÊ2µø 344-88),,ª˝»∞πÊπ¸,4,,,,,02-820-2906,37.49506368,126.9264152,2020/03/24
º≠øÔ∆Ø∫∞Ω√µø¿€±∏√ª,º≠øÔ∆Ø∫∞Ω√ µø¿€±∏ ø©¿«¥ÎπÊ∑Œ22∂Û±Ê 23(Ω≈¥ÎπÊ2µø 366-131),,ª˝»∞πÊπ¸,5,,,,,02-820-2906,37.49542212,126.9233299,2020/03/24
º≠øÔ∆Ø∫∞Ω√µø¿€±∏√ª,º≠øÔ∆Ø∫∞Ω√ µø¿€±∏ µø¿€¥Î∑Œ29∞°±Ê 18(ªÁ¥Á2µø 89-52),,ª˝»∞πÊπ¸,3,,,,,02-820-2906,37.48874207,126.9815646,2020/03/24
º≠øÔ∆Ø∫∞Ω√µø¿€±∏√ª,º≠øÔ∆Ø∫∞Ω√ µø¿€±∏ µø¿€¥Î∑Œ 43±Ê 35 (ªÁ¥Á2µø 102-7),,ª˝»∞πÊπ¸,4,,,,,02-820-2906,37.49703838,126.9805313,2020/03/24
º≠øÔ∆Ø∫∞Ω√µø¿€±∏√ª,º≠øÔ∆Ø∫∞Ω√ µø¿€±∏ µø¿€¥Î∑Œ35∞°±Ê 56(ªÁ¥Á2µø 68-18),,ª˝»∞πÊπ¸,3,,,,,02-820-2906,37.49144464,126.9788773,2020/03/24
º≠øÔ∆Ø∫∞Ω√µø¿€±∏√ª,º≠øÔ∆Ø∫∞Ω√ µø¿€±∏ µø¿€¥Î∑Œ27±Ê 38(ªÁ¥Á2µø 129-11),,ª˝»∞πÊπ¸,4,,,,,02-820-2906,37.48766781,126.9799955,2020/03/24
º≠øÔ∆Ø∫∞Ω√µø¿€±∏√ª,º≠øÔ∆Ø∫∞Ω√ µø¿€±∏ µø¿€¥Î∑Œ29±Ê 63-1(ªÁ¥Á2µø 127-40),,ª˝»∞πÊπ¸,3,,,,,02-820-2906,37.48858661,126.9786836,2020/03/24
º≠øÔ∆Ø∫∞Ω√µø¿€±∏√ª,º≠øÔ∆Ø∫∞Ω√ µø¿€±∏ ≥≤∫Œº¯»Ø∑Œ257∞°±Ê 32(ªÁ¥Á1µø 419-24),,ª˝»∞πÊπ¸,1,,,,,02-820-2906,37.4787362,126.9756293,2020/03/24
º≠øÔ∆Ø∫∞Ω√µø¿€±∏√ª,º≠øÔ∆Ø∫∞Ω√ µø¿€±∏ ≥≤∫Œº¯»Ø∑Œ259±Ê 10(ªÁ¥Á1µø 1050-2),,ª˝»∞πÊπ¸,3,,,,,02-820-2906,37.4765911,126.972469,2020/03/24
º≠øÔ∆Ø∫∞Ω√µø¿€±∏√ª,º≠øÔ∆Ø∫∞Ω√ µø¿€±∏ ªÁ¥Á∑Œ20±Ê 63(ªÁ¥Á1µø 431-4),,ª˝»∞πÊπ¸,1,,,,,02-820-2906,37.4803256,126.9757373,2020/03/24
º≠øÔ∆Ø∫∞Ω√µø¿€±∏√ª,º≠øÔ∆Ø∫∞Ω√ µø¿€±∏ ≥≤∫Œº¯»Ø∑Œ265±Ê 21(ªÁ¥Á1µø 1048-19),,ª˝»∞πÊπ¸,4,,,,,02-820-2906,37.47720427,126.9746214,2020/03/24
º≠øÔ∆Ø∫∞Ω√µø¿€±∏√ª,º≠øÔ∆Ø∫∞Ω√ µø¿€±∏ ªÁ¥Á∑Œ29±Ê 26(ªÁ¥Á3µø 141-97),,ª˝»∞πÊπ¸,3,,,,,02-820-2906,37.4855952,126.9783498,2020/03/24
º≠øÔ∆Ø∫∞Ω√µø¿€±∏√ª,º≠øÔ∆Ø∫∞Ω√ µø¿€±∏ µø¿€¥Î∑Œ35±Ê 43(ªÁ¥Á2µø 69-13),,ª˝»∞πÊπ¸,1,,,,,02-820-2906,37.49163586,126.9800758,2020/03/24
º≠øÔ∆Ø∫∞Ω√µø¿€±∏√ª,º≠øÔ∆Ø∫∞Ω√ µø¿€±∏ ªÁ¥Á∑Œ27±Ê 12(ªÁ¥Á3µø 141-160),,ª˝»∞πÊπ¸,5,,,,,02-820-2906,37.48509792,126.9787343,2020/03/24
º≠øÔ∆Ø∫∞Ω√µø¿€±∏√ª,º≠øÔ∆Ø∫∞Ω√ µø¿€±∏ ªÁ¥Á∑Œ9≥™±Ê7(ªÁ¥Á3µø 220-38),,ª˝»∞πÊπ¸,4,,,,,02-820-2906,37.48604033,126.9702132,2020/03/24
º≠øÔ∆Ø∫∞Ω√µø¿€±∏√ª,º≠øÔ∆Ø∫∞Ω√ µø¿€±∏ º÷πÁ∑Œ 74-1(ªÁ¥Á5µø 235-61),,ª˝»∞πÊπ¸,3,,,,,02-820-2906,37.48301937,126.9672702,2020/03/24
º≠øÔ∆Ø∫∞Ω√µø¿€±∏√ª,º≠øÔ∆Ø∫∞Ω√ µø¿€±∏ ªÁ¥Á∑Œ2¿⁄±Ê 2-15(ªÁ¥Á5µø 188-12),,ª˝»∞πÊπ¸,4,,,,,02-820-2906,37.48949502,126.9645039,2020/03/24
º≠øÔ∆Ø∫∞Ω√µø¿€±∏√ª,º≠øÔ∆Ø∫∞Ω√ µø¿€±∏ ªÁ¥Á∑Œ2¬˜±Ê 36(ªÁ¥Á5µø 206-16),,ª˝»∞πÊπ¸,5,,,,,02-820-2906,37.48693663,126.9660926,2020/03/24
º≠øÔ∆Ø∫∞Ω√µø¿€±∏√ª,º≠øÔ∆Ø∫∞Ω√ µø¿€±∏ ªÁ¥Á∑Œ14±Ê 38(ªÁ¥Á4µø 278-50),,ª˝»∞πÊπ¸,3,,,,,02-820-2906,37.48262749,126.9709337,2020/03/24
º≠øÔ∆Ø∫∞Ω√µø¿€±∏√ª,º≠øÔ∆Ø∫∞Ω√ µø¿€±∏ ªÁ¥Á∑Œ16±Ê 14(ªÁ¥Á4µø 266-2),,ª˝»∞πÊπ¸,3,,,,,02-820-2906,37.48290557,126.9733486,2020/03/24
º≠øÔ∆Ø∫∞Ω√µø¿€±∏√ª,º≠øÔ∆Ø∫∞Ω√ µø¿€±∏ ≥≤∫Œº¯»Ø∑Œ255∂Û±Ê 4(ªÁ¥Á4µø 303-27),,ª˝»∞πÊπ¸,4,,,,,02-820-2906,37.47734385,126.9704428,2020/03/24
º≠øÔ∆Ø∫∞Ω√µø¿€±∏√ª,º≠øÔ∆Ø∫∞Ω√ µø¿€±∏ ªÁ¥Á∑Œ20¥Ÿ±Ê 15(ªÁ¥Á4µø 316-32),,ª˝»∞πÊπ¸,4,,,,,02-820-2906,37.48062068,126.9736434,2020/03/24
º≠øÔ∆Ø∫∞Ω√µø¿€±∏√ª,º≠øÔ∆Ø∫∞Ω√ µø¿€±∏ ≥Î∑Æ¡¯∑Œ14±Ê 29(≥Î∑Æ¡¯1µø 83-7),,ª˝»∞πÊπ¸,4,,,,,02-820-2906,37.51240443,126.9426767,2020/03/24
º≠øÔ∆Ø∫∞Ω√µø¿€±∏√ª,º≠øÔ∆Ø∫∞Ω√ µø¿€±∏ ≥Î∑Æ¡¯∑Œ30±Ê 55(≥Î∑Æ¡¯1µø 43-4),,ª˝»∞πÊπ¸,4,,,,,02-820-2906,37.51110585,126.9569653,2020/03/24
º≠øÔ∆Ø∫∞Ω√µø¿€±∏√ª,º≠øÔ∆Ø∫∞Ω√ µø¿€±∏ ªÛµµ∑Œ47±Ê 8(ªÛµµ1µø 464-33),,ª˝»∞πÊπ¸,4,,,,,02-820-2906,37.4996754,126.951539,2020/03/24
º≠øÔ∆Ø∫∞Ω√µø¿€±∏√ª,º≠øÔ∆Ø∫∞Ω√ µø¿€±∏ ∏≈∫¿∑Œ 37(ªÛµµ1µø 512),,ª˝»∞πÊπ¸,4,,,,,02-820-2906,37.50682195,126.9509961,2020/03/24
º≠øÔ∆Ø∫∞Ω√µø¿€±∏√ª,º≠øÔ∆Ø∫∞Ω√ µø¿€±∏ ªÛµµ∑Œ 119 (ªÛµµ3µø 352-1),,ª˝»∞πÊπ¸,4,,,,,02-820-2906,37.50150808,126.9331582,2020/03/24
º≠øÔ∆Ø∫∞Ω√µø¿€±∏√ª,º≠øÔ∆Ø∫∞Ω√ µø¿€±∏ æÁ≥Á∑Œ28±Ê 8(ªÛµµ4µø 211-207),,ª˝»∞πÊπ¸,3,,,,,02-820-2906,37.49895148,126.9444783,2020/03/24
º≠øÔ∆Ø∫∞Ω√µø¿€±∏√ª,º≠øÔ∆Ø∫∞Ω√ µø¿€±∏ º∫¥Î∑Œ17±Ê 78(ªÛµµµø 244-52),,ª˝»∞πÊπ¸,4,,,,,02-820-2906,37.5005033,126.9344845,2020/03/24
º≠øÔ∆Ø∫∞Ω√µø¿€±∏√ª,º≠øÔ∆Ø∫∞Ω√ µø¿€±∏ «ˆ√Ê∑Œ22±Ê 52(»ÊºÆµø 276-12),,ª˝»∞πÊπ¸,4,,,,,02-820-2906,37.50487165,126.9713322,2020/03/24
º≠øÔ∆Ø∫∞Ω√µø¿€±∏√ª,º≠øÔ∆Ø∫∞Ω√ µø¿€±∏ º≠¥ﬁ∑Œ14±Ê 11(»ÊºÆµø 6-21),,ª˝»∞πÊπ¸,3,,,,,02-820-2906,37.50808075,126.963735,2020/03/24
º≠øÔ∆Ø∫∞Ω√µø¿€±∏√ª,º≠øÔ∆Ø∫∞Ω√ µø¿€±∏ µø¿€¥Î∑Œ35±Ê 71(ªÁ¥Á2µø 67-8),,ª˝»∞πÊπ¸,4,,,,,02-820-2906,37.4924538,126.9790172,2020/03/24
º≠øÔ∆Ø∫∞Ω√µø¿€±∏√ª,º≠øÔ∆Ø∫∞Ω√ µø¿€±∏ ªÁ¥Á∑Œ27±Ê 86(ªÁ¥Á3µø 162-83),,ª˝»∞πÊπ¸,1,,,,,02-820-2906,37.48708314,126.9756447,2020/03/24
º≠øÔ∆Ø∫∞Ω√µø¿€±∏√ª,º≠øÔ∆Ø∫∞Ω√ µø¿€±∏ ªÁ¥Á∑Œ13±Ê 50(ªÁ¥Á3µø 1131-12),,ª˝»∞πÊπ¸,4,,,,,02-820-2906,37.48625693,126.9716423,2020/03/24
º≠øÔ∆Ø∫∞Ω√µø¿€±∏√ª,º≠øÔ∆Ø∫∞Ω√ µø¿€±∏ ªÁ¥Á∑Œ20ªÁ±Ê 29(ªÁ¥Á4µø 316-260),,ª˝»∞πÊπ¸,3,,,,,02-820-2906,37.47922211,126.9727394,2020/03/24
º≠øÔ∆Ø∫∞Ω√µø¿€±∏√ª,º≠øÔ∆Ø∫∞Ω√ µø¿€±∏ ªÁ¥Á∑Œ2æ∆±Ê 2(ªÁ¥Á5µø 188-1),,ª˝»∞πÊπ¸,3,,,,,02-820-2906,37.49019782,126.9645397,2020/03/24
º≠øÔ∆Ø∫∞Ω√µø¿€±∏√ª,,º≠øÔ∆Ø∫∞Ω√ µø¿€±∏ ªÁ¥Áµø 213-9,ª˝»∞πÊπ¸,1,,,,,02-820-2906,37.48663434,126.9677209,2020/03/24
º≠øÔ∆Ø∫∞Ω√µø¿€±∏√ª,º≠øÔ∆Ø∫∞Ω√ µø¿€±∏ ¥ÎπÊµø±Ê 30(¥ÎπÊµø 392-1),,ª˝»∞πÊπ¸,4,,,,,02-820-2906,37.50222939,126.9278829,2020/03/24
º≠øÔ∆Ø∫∞Ω√µø¿€±∏√ª,º≠øÔ∆Ø∫∞Ω√ µø¿€±∏ µÓøÎ∑Œ8∞°±Ê 2(¥ÎπÊµø 13-13),,ª˝»∞πÊπ¸,3,,,,,02-820-2906,37.50688906,126.933461,2020/03/24
º≠øÔ∆Ø∫∞Ω√µø¿€±∏√ª,º≠øÔ∆Ø∫∞Ω√ µø¿€±∏ Ω≈¥ÎπÊ1±Ê 126(Ω≈¥ÎπÊ1µø 698-5),,ª˝»∞πÊπ¸,1,,,,,02-820-2906,37.48540755,126.9049101,2020/03/24
º≠øÔ∆Ø∫∞Ω√µø¿€±∏√ª,º≠øÔ∆Ø∫∞Ω√ µø¿€±∏ ∫∏∂Û∏≈∑Œ7∞°±Ê 14 (Ω≈¥ÎπÊ2µø 344-150),,ª˝»∞πÊπ¸,4,,,,,02-820-2906,37.49401818,126.9258779,2020/03/24
º≠øÔ∆Ø∫∞Ω√µø¿€±∏√ª,º≠øÔ∆Ø∫∞Ω√ µø¿€±∏ ±πªÁ∫¿2≥™±Ê 19(Ω≈¥ÎπÊ2µø 348-79),,ª˝»∞πÊπ¸,1,,,,,02-820-2906,37.49699021,126.9296566,2020/03/24
º≠øÔ∆Ø∫∞Ω√µø¿€±∏√ª,º≠øÔ∆Ø∫∞Ω√ µø¿€±∏ ø©¿«¥ÎπÊ∑Œ10±Ê 100(Ω≈¥ÎπÊ1µø 717),,ª˝»∞πÊπ¸,1,,,,,02-820-2906,37.4915778,126.9145365,2020/03/24
º≠øÔ∆Ø∫∞Ω√µø¿€±∏√ª,º≠øÔ∆Ø∫∞Ω√ µø¿€±∏ Ω≈¥ÎπÊ2±Ê 1(Ω≈¥ÎπÊ1µø 618-17),,ª˝»∞πÊπ¸,4,,,,,02-820-2906,37.48780659,126.9126231,2020/03/24
º≠øÔ∆Ø∫∞Ω√µø¿€±∏√ª,º≠øÔ∆Ø∫∞Ω√ µø¿€±∏ ∫∏∂Û∏≈∑Œ11±Ê 14(Ω≈¥ÎπÊ2µø 366-40),,ª˝»∞πÊπ¸,1,,,,,02-820-2906,37.49558266,126.9264147,2020/03/24
º≠øÔ∆Ø∫∞Ω√µø¿€±∏√ª,º≠øÔ∆Ø∫∞Ω√ µø¿€±∏ ªÛµµ∑Œ 38±Ê 52(ªÛµµ1µø 159-48),,ª˝»∞πÊπ¸,1,,,,,02-820-2906,37.50093554,126.9485572,2020/03/24
º≠øÔ∆Ø∫∞Ω√µø¿€±∏√ª,º≠øÔ∆Ø∫∞Ω√ µø¿€±∏ ±πªÁ∫¿16±Ê 4(ªÛµµ3µø 299-156),,ª˝»∞πÊπ¸,1,,,,,02-820-2906,37.49451963,126.9327211,2020/03/24
º≠øÔ∆Ø∫∞Ω√µø¿€±∏√ª,º≠øÔ∆Ø∫∞Ω√ µø¿€±∏ º∫¥Î∑Œ16±Ê 45-8,,ª˝»∞πÊπ¸,1,,,,,02-820-2906,37.49682578,126.9385588,2020/03/24
º≠øÔ∆Ø∫∞Ω√µø¿€±∏√ª,º≠øÔ∆Ø∫∞Ω√ µø¿€±∏ æÁ≥Á∑Œ22πŸ±Ê 66(ªÛµµ4µø 211-80),,ª˝»∞πÊπ¸,3,,,,,02-820-2906,37.49778505,126.947243,2020/03/24
º≠øÔ∆Ø∫∞Ω√µø¿€±∏√ª,,º≠øÔ∆Ø∫∞Ω√ µø¿€±∏ »ÊºÆµø 76-80,ª˝»∞πÊπ¸,1,,,,,02-820-2906,37.500251,126.962356,2020/03/24
º≠øÔ∆Ø∫∞Ω√µø¿€±∏√ª,º≠øÔ∆Ø∫∞Ω√ µø¿€±∏ µÓøÎ∑Œ10≥™±Ê 13(¥ÎπÊµø 44-311),,ª˝»∞πÊπ¸,3,,,,,02-820-2906,37.50990975,126.9343994,2020/03/24
º≠øÔ∆Ø∫∞Ω√µø¿€±∏√ª,º≠øÔ∆Ø∫∞Ω√ µø¿€±∏ ªÁ¥Á∑Œ2¥Ÿ±Ê 84(ªÁ¥Á5µø 190-190),,ª˝»∞πÊπ¸,3,,,,,02-820-2906,37.48970355,126.9628619,2020/03/24
º≠øÔ∆Ø∫∞Ω√µø¿€±∏√ª,º≠øÔ∆Ø∫∞Ω√ µø¿€±∏ ≥Î∑Æ¡¯∑Œ26±Ê 31(≥Î∑Æ¡¯1µø 49),,ª˝»∞πÊπ¸,4,,,,,02-820-2906,37.51125646,126.9549338,2020/03/24
º≠øÔ∆Ø∫∞Ω√µø¿€±∏√ª,º≠øÔ∆Ø∫∞Ω√ µø¿€±∏ »ÊºÆ∑Œ5±Ê 1-2(»ÊºÆµø 204-171),,ª˝»∞πÊπ¸,4,,,,,02-820-2906,37.50666207,126.9568955,2020/03/24
º≠øÔ∆Ø∫∞Ω√µø¿€±∏√ª,º≠øÔ∆Ø∫∞Ω√ µø¿€±∏ ªÛµµ∑Œ47±Ê 39(ªÛµµ1µø 338),,ª˝»∞πÊπ¸,4,,,,,02-820-2906,37.50095868,126.9521444,2020/03/24
º≠øÔ∆Ø∫∞Ω√µø¿€±∏√ª,º≠øÔ∆Ø∫∞Ω√ µø¿€±∏ ªÛµµ∑Œ34¥Ÿ±Ê 26(ªÛµµ2µø 159-161),,ª˝»∞πÊπ¸,4,,,,,02-820-2906,37.50281197,126.9457195,2020/03/24
º≠øÔ∆Ø∫∞Ω√µø¿€±∏√ª,º≠øÔ∆Ø∫∞Ω√ µø¿€±∏ º∫¥Î∑Œ37±Ê 44(ªÛµµ2µø 201-23),,ª˝»∞πÊπ¸,4,,,,,02-820-2906,37.50081928,126.9390169,2020/03/24
º≠øÔ∆Ø∫∞Ω√µø¿€±∏√ª,º≠øÔ∆Ø∫∞Ω√ µø¿€±∏ ±πªÁ∫¿8±Ê 77(ªÛµµ3µø 301-40),,ª˝»∞πÊπ¸,4,,,,,02-820-2906,37.49341969,126.9314828,2020/03/24
º≠øÔ∆Ø∫∞Ω√µø¿€±∏√ª,º≠øÔ∆Ø∫∞Ω√ µø¿€±∏ ±πªÁ∫¿6±Ê 39(ªÛµµ3µø 299-202),,ª˝»∞πÊπ¸,4,,,,,02-820-2906,37.49572543,126.9300558,2020/03/24
º≠øÔ∆Ø∫∞Ω√µø¿€±∏√ª,º≠øÔ∆Ø∫∞Ω√ µø¿€±∏ æÁ≥Á∑Œ25∞°±Ê 24(ªÛµµ4µø 210-244),,ª˝»∞πÊπ¸,4,,,,,02-820-2906,37.49904415,126.9423069,2020/03/24
º≠øÔ∆Ø∫∞Ω√µø¿€±∏√ª,º≠øÔ∆Ø∫∞Ω√ µø¿€±∏ ªÁ¥Á∑Œ23±Ê 170(ªÁ¥Á3µø 173-26),,ª˝»∞πÊπ¸,4,,,,,02-820-2906,37.48974914,126.971252,2020/03/24
º≠øÔ∆Ø∫∞Ω√µø¿€±∏√ª,,º≠øÔ∆Ø∫∞Ω√ µø¿€±∏ ªÁ¥Á2µø 56-27,ª˝»∞πÊπ¸,4,,,,,02-820-2906,37.492633,126.976701,2020/03/24
º≠øÔ∆Ø∫∞Ω√µø¿€±∏√ª,º≠øÔ∆Ø∫∞Ω√ µø¿€±∏ µø¿€¥Î∑Œ33±Ê 23(ªÁ¥Á2µø 77-63),,ª˝»∞πÊπ¸,4,,,,,02-820-2906,37.48982317,126.9808814,2020/03/24
º≠øÔ∆Ø∫∞Ω√µø¿€±∏√ª,º≠øÔ∆Ø∫∞Ω√ µø¿€±∏ µø¿€¥Î∑Œ7±Ê 80(ªÁ¥Á1µø 1038-25),,ª˝»∞πÊπ¸,4,,,,,02-820-2906,37.47787535,126.9783022,2020/03/24
º≠øÔ∆Ø∫∞Ω√µø¿€±∏√ª,º≠øÔ∆Ø∫∞Ω√ µø¿€±∏ ªÁ¥Á∑Œ16∂Û±Ê 27(ªÁ¥Á4µø 278-109),,ª˝»∞πÊπ¸,5,,,,,02-820-2906,37.48198566,126.9696721,2020/03/24
º≠øÔ∆Ø∫∞Ω√µø¿€±∏√ª,º≠øÔ∆Ø∫∞Ω√ µø¿€±∏ ªÁ¥Á∑Œ8±Ê 24(ªÁ¥Á5µø 231-16),,ª˝»∞πÊπ¸,5,,,,,02-820-2906,37.48423074,126.9687938,2020/03/24
º≠øÔ∆Ø∫∞Ω√µø¿€±∏√ª,º≠øÔ∆Ø∫∞Ω√ µø¿€±∏ ªÁ¥Á∑Œ20±Ê 20(ªÁ¥Á4µø 321-109),,ª˝»∞πÊπ¸,3,,,,,02-820-2906,37.48226453,126.9755468,2020/03/24
º≠øÔ∆Ø∫∞Ω√µø¿€±∏√ª,º≠øÔ∆Ø∫∞Ω√ µø¿€±∏ ≥≤∫Œº¯»Ø∑Œ271±Ê 14(ªÁ¥Á1µø 1041-11),,ª˝»∞πÊπ¸,4,,,,,02-820-2906,37.47741075,126.9801158,2020/03/24
º≠øÔ∆Ø∫∞Ω√µø¿€±∏√ª,º≠øÔ∆Ø∫∞Ω√ µø¿€±∏ Ω≈¥ÎπÊ16±Ê 10(Ω≈¥ÎπÊ1µø 602-10),,ª˝»∞πÊπ¸,4,,,,,02-820-2906,37.49007863,126.9098298,2020/03/24
º≠øÔ∆Ø∫∞Ω√µø¿€±∏√ª,º≠øÔ∆Ø∫∞Ω√ µø¿€±∏ ø©¿«¥ÎπÊ∑Œ22¿⁄±Ê 1(Ω≈¥ÎπÊ2µø 360-24),,ª˝»∞πÊπ¸,4,,,,,02-820-2906,37.49704824,126.9244184,2020/03/24
º≠øÔ∆Ø∫∞Ω√µø¿€±∏√ª,º≠øÔ∆Ø∫∞Ω√ µø¿€±∏ ¿ÂΩ¬πË±‚∑Œ20±Ê 4(≥Î∑Æ¡¯2µø 229-135 ¿ÃøÎ±π≥ª∞˙¿‘±∏),,ª˝»∞πÊπ¸,4,,,,,02-820-2906,37.50840649,126.9404856,2020/03/24
º≠øÔ∆Ø∫∞Ω√µø¿€±∏√ª,º≠øÔ∆Ø∫∞Ω√ µø¿€±∏ ¿ÂΩ¬πË±‚∑Œ19±Ê 42 (≥Î∑Æ¡¯2µø 302-173),,ª˝»∞πÊπ¸,4,,,,,02-820-2906,37.50821402,126.9376491,2020/03/24
º≠øÔ∆Ø∫∞Ω√µø¿€±∏√ª,º≠øÔ∆Ø∫∞Ω√ µø¿€±∏ »ÊºÆ∑Œ13±Ê 7(»ÊºÆµø 177-8),,ª˝»∞πÊπ¸,4,,,,,02-820-2906,37.50891595,126.9608392,2020/03/24
º≠øÔ∆Ø∫∞Ω√µø¿€±∏√ª,º≠øÔ∆Ø∫∞Ω√ µø¿€±∏ µø¿€¥Î∑Œ25±Ê 48(ªÁ¥Á2µø 708-490),,ª˝»∞πÊπ¸,3,,,,,02-820-2906,37.48529634,126.9798966,2020/03/24
º≠øÔ∆Ø∫∞Ω√µø¿€±∏√ª,º≠øÔ∆Ø∫∞Ω√ µø¿€±∏ ≥≤∫Œº¯»Ø∑Œ267≥™±Ê 14(ªÁ¥Á1µø 419-148),,ª˝»∞πÊπ¸,1,,,,,02-820-2906,37.47832206,126.9772801,2020/03/24
º≠øÔ∆Ø∫∞Ω√µø¿€±∏√ª,º≠øÔ∆Ø∫∞Ω√ µø¿€±∏ ªÁ¥Á∑Œ16¿⁄±Ê 27(ªÁ¥Áµø 300-59),,ª˝»∞πÊπ¸,3,,,,,02-820-2906,37.47991711,126.9703377,2020/03/24
º≠øÔ∆Ø∫∞Ω√µø¿€±∏√ª,º≠øÔ∆Ø∫∞Ω√ µø¿€±∏ ªÛµµ∑Œ60∞°±Ê 13(ªÛµµ1µø 126-51),,ª˝»∞πÊπ¸,1,,,,,02-820-2906,37.49331541,126.954343,2020/03/24
º≠øÔ∆Ø∫∞Ω√µø¿€±∏√ª,º≠øÔ∆Ø∫∞Ω√ µø¿€±∏ æÁ≥Á∑Œ25∏∂±Ê 20(ªÛµµ4µø 210-166),,ª˝»∞πÊπ¸,5,,,,,02-820-2906,37.498074,126.941218,2020/03/24
º≠øÔ∆Ø∫∞Ω√µø¿€±∏√ª,º≠øÔ∆Ø∫∞Ω√ µø¿€±∏ Ω≈¥ÎπÊ±Ê 19(Ω≈¥ÎπÊ1µø 691-36),,ª˝»∞πÊπ¸,4,,,,,02-820-2906,37.48787064,126.9115194,2020/03/24
º≠øÔ∆Ø∫∞Ω√µø¿€±∏√ª,º≠øÔ∆Ø∫∞Ω√ µø¿€±∏ ≥Î∑Æ¡¯∑Œ6∂Û±Ê 1(≥Î∑Æ¡¯2µø 294-35),,ª˝»∞πÊπ¸,1,,,,,02-820-2906,37.50879688,126.9358028,2020/03/24
º≠øÔ∆Ø∫∞Ω√µø¿€±∏√ª,º≠øÔ∆Ø∫∞Ω√ µø¿€±∏ ≥Î∑Æ¡¯∑Œ32±Ê 53,,ª˝»∞πÊπ¸,4,,,,,02-820-2906,37.5116033,126.9572184,2020/03/24
º≠øÔ∆Ø∫∞Ω√µø¿€±∏√ª,º≠øÔ∆Ø∫∞Ω√ µø¿€±∏ ¿ÂΩ¬πË±‚∑Œ19±Ê 12(≥Î∑Æ¡¯2µø 306-5),,ª˝»∞πÊπ¸,5,,,,,02-820-2906,37.50825453,126.9393094,2020/03/24
º≠øÔ∆Ø∫∞Ω√µø¿€±∏√ª,º≠øÔ∆Ø∫∞Ω√ µø¿€±∏ ªÛµµ∑Œ38±Ê 12(ªÛµµ1µø 728),,ª˝»∞πÊπ¸,4,,,,,02-820-2906,37.50218211,126.9475792,2020/03/24
º≠øÔ∆Ø∫∞Ω√µø¿€±∏√ª,º≠øÔ∆Ø∫∞Ω√ µø¿€±∏ ¿ÂΩ¬πË±‚∑Œ9≥™±Ê 32-1(ªÛµµ2µø 200-83),,ª˝»∞πÊπ¸,3,,,,,02-820-2906,37.50136323,126.9385188,2020/03/24
º≠øÔ∆Ø∫∞Ω√µø¿€±∏√ª,º≠øÔ∆Ø∫∞Ω√ µø¿€±∏ ±πªÁ∫¿8±Ê 70(ªÛµµ3µø 302-2),,ª˝»∞πÊπ¸,4,,,,,02-820-2906,37.49377985,126.9310663,2020/03/24
º≠øÔ∆Ø∫∞Ω√µø¿€±∏√ª,º≠øÔ∆Ø∫∞Ω√ µø¿€±∏ æÁ≥Á∑Œ20±Ê 65(ªÛµµ4µø 214-228),,ª˝»∞πÊπ¸,4,,,,,02-820-2906,37.49539052,126.9440784,2020/03/24
º≠øÔ∆Ø∫∞Ω√µø¿€±∏√ª,º≠øÔ∆Ø∫∞Ω√ µø¿€±∏ »ÊºÆ∑Œ9±Ê 24(»ÊºÆµø 194-58),,ª˝»∞πÊπ¸,4,,,,,02-820-2906,37.50784129,126.9588854,2020/03/24
º≠øÔ∆Ø∫∞Ω√µø¿€±∏√ª,º≠øÔ∆Ø∫∞Ω√ µø¿€±∏ ≥≤∫Œº¯»Ø∑Œ257∞°±Ê 1(ªÁ¥Á1µø 446-5),,ª˝»∞πÊπ¸,3,,,,,02-820-2906,37.47754264,126.9727807,2020/03/24
º≠øÔ∆Ø∫∞Ω√µø¿€±∏√ª,º≠øÔ∆Ø∫∞Ω√ µø¿€±∏ µø¿€¥Î∑Œ43±Ê 1(ªÁ¥Á2µø 102-31),,ª˝»∞πÊπ¸,4,,,,,02-820-2906,37.49638994,126.9823317,2020/03/24
º≠øÔ∆Ø∫∞Ω√µø¿€±∏√ª,º≠øÔ∆Ø∫∞Ω√ µø¿€±∏ ªÁ¥Á∑Œ9∂Û±Ê 25(ªÁ¥Á3µø 220-67),,ª˝»∞πÊπ¸,4,,,,,02-820-2906,37.48715036,126.970154,2020/03/24
º≠øÔ∆Ø∫∞Ω√µø¿€±∏√ª,º≠øÔ∆Ø∫∞Ω√ µø¿€±∏ ªÁ¥Á∑Œ16ªÁ±Ê 59(ªÁ¥Á4µø 300-32),,ª˝»∞πÊπ¸,3,,,,,02-820-2906,37.47978354,126.9694876,2020/03/24
º≠øÔ∆Ø∫∞Ω√µø¿€±∏√ª,º≠øÔ∆Ø∫∞Ω√ µø¿€±∏ ªÁ¥Á∑Œ2¬˜±Ê 2(ªÁ¥Á5µø 202-28),,ª˝»∞πÊπ¸,4,,,,,02-820-2906,37.4877688,126.9648575,2020/03/24
º≠øÔ∆Ø∫∞Ω√µø¿€±∏√ª,º≠øÔ∆Ø∫∞Ω√ µø¿€±∏ ªÛµµ∑Œ 43-1(¥ÎπÊµø 396-1),,ª˝»∞πÊπ¸,4,,,,,02-820-2906,37.50021308,126.9252068,2020/03/24
º≠øÔ∆Ø∫∞Ω√µø¿€±∏√ª,º≠øÔ∆Ø∫∞Ω√ µø¿€±∏ Ω≈¥ÎπÊ4±Ê 17(Ω≈¥ÎπÊ1µø 618-33),,ª˝»∞πÊπ¸,3,,,,,02-820-2906,37.48867454,126.9117944,2020/03/24
º≠øÔ∆Ø∫∞Ω√µø¿€±∏√ª,º≠øÔ∆Ø∫∞Ω√ µø¿€±∏ ø©¿«¥ÎπÊ∑Œ22∏∂±Ê 37(Ω≈¥ÎπÊ2µø 364-170),,ª˝»∞πÊπ¸,5,,,,,02-820-2906,37.49678389,126.9224736,2020/03/24
º≠øÔ∆Ø∫∞Ω√µø¿€±∏√ª,º≠øÔ∆Ø∫∞Ω√ µø¿€±∏ ∏∏æÁ∑Œ 12±Ê 57(≥Î∑Æ¡¯1µø 205-193),,ª˝»∞πÊπ¸,3,,,,,02-820-2906,37.51073834,126.9482292,2020/03/24
º≠øÔ∆Ø∫∞Ω√µø¿€±∏√ª,º≠øÔ∆Ø∫∞Ω√ µø¿€±∏ ≥Î∑Æ¡¯∑Œ6¥Ÿ±Ê 50(≥Î∑Æ¡¯2µø 294-5),,ª˝»∞πÊπ¸,3,,,,,02-820-2906,37.50854099,126.935794,2020/03/24
º≠øÔ∆Ø∫∞Ω√µø¿€±∏√ª,º≠øÔ∆Ø∫∞Ω√ µø¿€±∏ ªÛµµ∑Œ47∞°±Ê 34(ªÛµµ1µø 425-1),,ª˝»∞πÊπ¸,3,,,,,02-820-2906,37.50135813,126.9506966,2020/03/24
º≠øÔ∆Ø∫∞Ω√µø¿€±∏√ª,º≠øÔ∆Ø∫∞Ω√ µø¿€±∏ ªÛµµ∑Œ15πŸ±Ê 22(ªÛµµ2µø 361-46),,ª˝»∞πÊπ¸,3,,,,,02-820-2906,37.50483912,126.9348064,2020/03/24
º≠øÔ∆Ø∫∞Ω√µø¿€±∏√ª,º≠øÔ∆Ø∫∞Ω√ µø¿€±∏ º∫¥Î∑Œ6±Ê 32(ªÛµµ3µø 313-36),,ª˝»∞πÊπ¸,4,,,,,02-820-2906,37.49873927,126.9315503,2020/03/24
º≠øÔ∆Ø∫∞Ω√µø¿€±∏√ª,º≠øÔ∆Ø∫∞Ω√ µø¿€±∏ º∫¥Î∑Œ11±Ê 69(ªÛµµ4µø 247-2),,ª˝»∞πÊπ¸,4,,,,,02-820-2906,37.5002505,126.9335574,2020/03/24
º≠øÔ∆Ø∫∞Ω√µø¿€±∏√ª,º≠øÔ∆Ø∫∞Ω√ µø¿€±∏ º≠¥ﬁ∑Œ12±Ê 86(»ÊºÆµø 62-11),,ª˝»∞πÊπ¸,3,,,,,02-820-2906,37.50433271,126.9642164,2020/03/24
º≠øÔ∆Ø∫∞Ω√µø¿€±∏√ª,º≠øÔ∆Ø∫∞Ω√ µø¿€±∏ ≥≤∫Œº¯»Ø∑Œ263±Ê 18(ªÁ¥Á1µø 419-81),,ª˝»∞πÊπ¸,3,,,,,02-820-2906,37.47768746,126.9758105,2020/03/24
º≠øÔ∆Ø∫∞Ω√µø¿€±∏√ª,º≠øÔ∆Ø∫∞Ω√ µø¿€±∏ µø¿€¥Î∑Œ33∞°±Ê 27(ªÁ¥Á2µø 72-12),,ª˝»∞πÊπ¸,4,,,,,02-820-2906,37.49081802,126.9817677,2020/03/24
º≠øÔ∆Ø∫∞Ω√µø¿€±∏√ª,º≠øÔ∆Ø∫∞Ω√ µø¿€±∏ ªÁ¥Á∑Œ23æ∆±Ê 24(ªÁ¥Á3µø 180-26),,ª˝»∞πÊπ¸,3,,,,,02-820-2906,37.49139576,126.9695869,2020/03/24
º≠øÔ∆Ø∫∞Ω√µø¿€±∏√ª,º≠øÔ∆Ø∫∞Ω√ µø¿€±∏ ≥≤∫Œº¯»Ø∑Œ255πŸ±Ê 8(ªÁ¥Á4µø 303-5),,ª˝»∞πÊπ¸,3,,,,,02-820-2906,37.47838214,126.9717493,2020/03/24
º≠øÔ∆Ø∫∞Ω√µø¿€±∏√ª,º≠øÔ∆Ø∫∞Ω√ µø¿€±∏ º÷πÁ∑Œ 102-1(ªÁ¥Á5µø 224-27),,ª˝»∞πÊπ¸,5,,,,,02-820-2906,37.48532621,126.9681964,2020/03/24
º≠øÔ∆Ø∫∞Ω√µø¿€±∏√ª,º≠øÔ∆Ø∫∞Ω√ µø¿€±∏ ¥ÎπÊµø 15±Ê 26(¥ÎπÊµø 388-19),,ª˝»∞πÊπ¸,4,,,,,02-820-2906,37.50302256,126.9226345,2020/03/24
º≠øÔ∆Ø∫∞Ω√µø¿€±∏√ª,º≠øÔ∆Ø∫∞Ω√ µø¿€±∏ Ω≈¥ÎπÊ2≥™±Ê 17(Ω≈¥ÎπÊ1µø 625-3),,ª˝»∞πÊπ¸,3,,,,,02-820-2906,37.4894033,126.9127976,2020/03/24
º≠øÔ∆Ø∫∞Ω√µø¿€±∏√ª,º≠øÔ∆Ø∫∞Ω√ µø¿€±∏ ø©¿«¥ÎπÊ∑Œ22æ∆±Ê 72(Ω≈¥ÎπÊ2µø 366-259),,ª˝»∞πÊπ¸,3,,,,,02-820-2906,37.49558882,126.9247546,2020/03/24
º≠øÔ∆Ø∫∞Ω√µø¿€±∏√ª,º≠øÔ∆Ø∫∞Ω√ µø¿€±∏ «ˆ√Ê∑Œ14±Ê 26(»ÊºÆµø 283-2),,ª˝»∞πÊπ¸,1,,,,,02-820-2906,37.5051053,126.9688937,2020/03/24
º≠øÔ∆Ø∫∞Ω√µø¿€±∏√ª,º≠øÔ∆Ø∫∞Ω√ µø¿€±∏ ∏∏æÁ∑Œ10±Ê 6 (≥Î∑Æ¡¯1µø 215-156),,ª˝»∞πÊπ¸,3,,,,,02-820-2906,37.50911586,126.9467193,2020/03/24
º≠øÔ∆Ø∫∞Ω√µø¿€±∏√ª,º≠øÔ∆Ø∫∞Ω√ µø¿€±∏ ∏∏æÁ∑Œ14±Ê 60 (≥Î∑Æ¡¯1µø202-1),,ª˝»∞πÊπ¸,3,,,,,02-820-2906,37.5124643,126.9474136,2020/03/24
º≠øÔ∆Ø∫∞Ω√µø¿€±∏√ª,º≠øÔ∆Ø∫∞Ω√ µø¿€±∏ ≥Î∑Æ¡¯∑Œ 28±Ê 39 (≥Î∑Æ¡¯1µø 47-41),,ª˝»∞πÊπ¸,3,,,,,02-820-2906,37.51131096,126.956092,2020/03/24
º≠øÔ∆Ø∫∞Ω√µø¿€±∏√ª,º≠øÔ∆Ø∫∞Ω√ µø¿€±∏ ∏∏æÁ∑Œ 16±Ê 9 (≥Î∑Æ¡¯1µø 119-165),,ª˝»∞πÊπ¸,3,,,,,02-820-2906,37.51178908,126.9446271,2020/03/24
º≠øÔ∆Ø∫∞Ω√µø¿€±∏√ª,º≠øÔ∆Ø∫∞Ω√ µø¿€±∏ ¿ÂΩ¬πË±‚∑Œ 143,,ª˝»∞πÊπ¸,3,,,,,02-820-2906,37.51037759,126.9398913,2020/03/24
º≠øÔ∆Ø∫∞Ω√µø¿€±∏√ª,º≠øÔ∆Ø∫∞Ω√ µø¿€±∏ ∏∏æÁ∑Œ 12±Ê 13 (≥Î∑Æ¡¯1µø222-11),,ª˝»∞πÊπ¸,3,,,,,02-820-2906,37.51018239,126.9461485,2020/03/24
º≠øÔ∆Ø∫∞Ω√µø¿€±∏√ª,º≠øÔ∆Ø∫∞Ω√ µø¿€±∏ ∏≈∫¿∑Œ 79,,ª˝»∞πÊπ¸,1,,,,,02-820-2906,37.5082817,126.9512937,2020/03/24
º≠øÔ∆Ø∫∞Ω√µø¿€±∏√ª,º≠øÔ∆Ø∫∞Ω√ µø¿€±∏ ≥Î∑Æ¡¯∑Œ 26±Ê47 (≥Î∑Æ¡¯1µø51-2),,ª˝»∞πÊπ¸,3,,,,,02-820-2906,37.51054301,126.9553143,2020/03/24
º≠øÔ∆Ø∫∞Ω√µø¿€±∏√ª,º≠øÔ∆Ø∫∞Ω√ µø¿€±∏ ≥Î∑Æ¡¯∑Œ 10∞°±Ê 28 (≥Î∑Æ¡¯2µø279-6),,ª˝»∞πÊπ¸,3,,,,,02-820-2906,37.51174515,126.9361396,2020/03/24
º≠øÔ∆Ø∫∞Ω√µø¿€±∏√ª,º≠øÔ∆Ø∫∞Ω√ µø¿€±∏ ¿ÂΩ¬πË±‚∑Œ 19∂Û±Ê 34 (≥Î∑Æ¡¯2µø294-459),,ª˝»∞πÊπ¸,3,,,,,02-820-2906,37.50716811,126.9362521,2020/03/24
º≠øÔ∆Ø∫∞Ω√µø¿€±∏√ª,º≠øÔ∆Ø∫∞Ω√ µø¿€±∏ ≥Î∑Æ¡¯∑Œ 12±Ê44 (≥Î∑Æ¡¯2µø 255-11 «—¿¸¡÷),,ª˝»∞πÊπ¸,1,,,,,02-820-2906,37.5116126,126.9376373,2020/03/24
º≠øÔ∆Ø∫∞Ω√µø¿€±∏√ª,º≠øÔ∆Ø∫∞Ω√ µø¿€±∏ ≥Î∑Æ¡¯∑Œ 8≥™±Ê 55 (≥Î∑Æ¡¯2µø 291-16),,ª˝»∞πÊπ¸,3,,,,,02-820-2906,37.51015273,126.937186,2020/03/24
º≠øÔ∆Ø∫∞Ω√µø¿€±∏√ª,º≠øÔ∆Ø∫∞Ω√ µø¿€±∏ ¿ÂΩ¬πË±‚∑Œ 27±Ê 80 (≥Î∑Æ¡¯2µø 300-6),,ª˝»∞πÊπ¸,3,,,,,02-820-2906,37.50954792,126.9384352,2020/03/24
º≠øÔ∆Ø∫∞Ω√µø¿€±∏√ª,º≠øÔ∆Ø∫∞Ω√ µø¿€±∏ µÓøÎ∑Œ14±Ê81 (≥Î∑Æ¡¯2µø 266-14 ¡§æ÷¡§πÃøÎΩ«æ’),,ª˝»∞πÊπ¸,4,,,,,02-820-2906,37.51275048,126.9357813,2020/03/24
º≠øÔ∆Ø∫∞Ω√µø¿€±∏√ª,º≠øÔ∆Ø∫∞Ω√ µø¿€±∏ ≥Î∑Æ¡¯∑Œ 6±Ê79 (≥Î∑Æ¡¯2µø289-42),,ª˝»∞πÊπ¸,3,,,,,02-820-2906,37.50982458,126.9368334,2020/03/24
º≠øÔ∆Ø∫∞Ω√µø¿€±∏√ª,º≠øÔ∆Ø∫∞Ω√ µø¿€±∏ ªÛµµ∑Œ15±Ê 111-7(ªÛµµµø 360-4),,ª˝»∞πÊπ¸,3,,,,,02-820-2906,37.50484379,126.9367743,2020/03/24
º≠øÔ∆Ø∫∞Ω√µø¿€±∏√ª,º≠øÔ∆Ø∫∞Ω√ µø¿€±∏ ªÛµµ∑Œ31±Ê 49(ªÛµµ2µø 22-153),,ª˝»∞πÊπ¸,3,,,,,02-820-2906,37.50669726,126.946056,2020/03/24
º≠øÔ∆Ø∫∞Ω√µø¿€±∏√ª,º≠øÔ∆Ø∫∞Ω√ µø¿€±∏ ªÛµµ∑Œ 22±Ê 25(ªÛµµ2µø 196-90) («—¿¸¡÷),,ª˝»∞πÊπ¸,1,,,,,02-820-2906,37.50224547,126.9370977,2020/03/24
º≠øÔ∆Ø∫∞Ω√µø¿€±∏√ª,º≠øÔ∆Ø∫∞Ω√ µø¿€±∏ ¿ÂΩ¬πË±‚∑Œ 9≥™±Ê1 (ªÛµµ2µø 200-1 ±≥¿∞√ª∏¬¿∫∆Ì),,ª˝»∞πÊπ¸,3,,,,,02-820-2906,37.50249907,126.9396308,2020/03/24
º≠øÔ∆Ø∫∞Ω√µø¿€±∏√ª,º≠øÔ∆Ø∫∞Ω√ µø¿€±∏ ªÛµµ∑Œ 30±Ê73 (ªÛµµ2µø 28-24 ≥´ø¯∞Ê∑Œ¥Á),,ª˝»∞πÊπ¸,3,,,,,02-820-2906,37.50394683,126.9448365,2020/03/24
º≠øÔ∆Ø∫∞Ω√µø¿€±∏√ª,º≠øÔ∆Ø∫∞Ω√ µø¿€±∏ ¿ÂΩ¬πË±‚∑Œ10±Ê 28(ªÛµµ2µø 178-3),,ª˝»∞πÊπ¸,3,,,,,02-820-2906,37.50477372,126.9406377,2020/03/24
º≠øÔ∆Ø∫∞Ω√µø¿€±∏√ª,º≠øÔ∆Ø∫∞Ω√ µø¿€±∏ ∏∏æÁ∑Œ 7,,ª˝»∞πÊπ¸,3,,,,,02-820-2906,37.50552981,126.9466132,2020/03/24
º≠øÔ∆Ø∫∞Ω√µø¿€±∏√ª,º≠øÔ∆Ø∫∞Ω√ µø¿€±∏ º∫¥Î∑Œ 6∏∂±Ê 10 (ªÛµµ3µø 279-170 Ω≈µøæ∆∫Ù∂Û),,ª˝»∞πÊπ¸,3,,,,,02-820-2906,37.49528142,126.9351087,2020/03/24
º≠øÔ∆Ø∫∞Ω√µø¿€±∏√ª,º≠øÔ∆Ø∫∞Ω√ µø¿€±∏ ªÛµµ∑Œ 11±Ê23 (ªÛµµ3µø 335-110)(«—¿¸¡÷),,ª˝»∞πÊπ¸,1,,,,,02-820-2906,37.50189842,126.9288739,2020/03/24
º≠øÔ∆Ø∫∞Ω√µø¿€±∏√ª,º≠øÔ∆Ø∫∞Ω√ µø¿€±∏ ªÛµµ∑Œ13≥™±Ê 33(ªÛµµ3µø 335-202),,ª˝»∞πÊπ¸,3,,,,,02-820-2906,37.50275269,126.9290721,2020/03/24
º≠øÔ∆Ø∫∞Ω√µø¿€±∏√ª,º≠øÔ∆Ø∫∞Ω√ µø¿€±∏ ªÛµµ∑Œ 13¥Ÿ±Ê 1 (ªÛµµ3µø 335-98),,ª˝»∞πÊπ¸,3,,,,,02-820-2906,37.5009226,126.9303405,2020/03/24
º≠øÔ∆Ø∫∞Ω√µø¿€±∏√ª,º≠øÔ∆Ø∫∞Ω√ µø¿€±∏ ªÛµµ∑Œ15ªÁ±Ê 30 (ªÛµµ3µø 356-67),,ª˝»∞πÊπ¸,3,,,,,02-820-2906,37.50296397,126.9329171,2020/03/24
º≠øÔ∆Ø∫∞Ω√µø¿€±∏√ª,º≠øÔ∆Ø∫∞Ω√ µø¿€±∏ ±πªÁ∫¿1±Ê 178 (ªÛµµ3µø 283-48),,ª˝»∞πÊπ¸,3,,,,,02-820-2906,37.4947874,126.9346387,2020/03/24
º≠øÔ∆Ø∫∞Ω√µø¿€±∏√ª,º≠øÔ∆Ø∫∞Ω√ µø¿€±∏ º∫¥Î∑Œ 6∞°±Ê 24 (ªÛµµ3µø256-69),,ª˝»∞πÊπ¸,3,,,,,02-820-2906,37.49778136,126.9328675,2020/03/24
º≠øÔ∆Ø∫∞Ω√µø¿€±∏√ª,º≠øÔ∆Ø∫∞Ω√ µø¿€±∏ º∫¥Î∑Œ 21±Ê 54,,ª˝»∞πÊπ¸,3,,,,,02-820-2906,37.500347,126.936413,2020/03/24
º≠øÔ∆Ø∫∞Ω√µø¿€±∏√ª,º≠øÔ∆Ø∫∞Ω√ µø¿€±∏ æÁ≥Á∑Œ 22¥Ÿ±Ê 27 (ªÛµµ4µø 214-56),,ª˝»∞πÊπ¸,3,,,,,02-820-2906,37.4968113,126.9457736,2020/03/24
º≠øÔ∆Ø∫∞Ω√µø¿€±∏√ª,º≠øÔ∆Ø∫∞Ω√ µø¿€±∏ º∫¥Î∑Œ 14±Ê 81 (ªÛµµ4µø 279-408),,ª˝»∞πÊπ¸,3,,,,,02-820-2906,37.49489776,126.9388046,2020/03/24
º≠øÔ∆Ø∫∞Ω√µø¿€±∏√ª,º≠øÔ∆Ø∫∞Ω√ µø¿€±∏ º∫¥Î∑Œ 165 (ªÛµµ4µø 235-34 √Ê≥≤¡§¿∞¡°ø∑),,ª˝»∞πÊπ¸,3,,,,,02-820-2906,37.49888775,126.9394482,2020/03/24
º≠øÔ∆Ø∫∞Ω√µø¿€±∏√ª,º≠øÔ∆Ø∫∞Ω√ µø¿€±∏ º∫¥Î∑Œ1∞°±Ê 24(ªÛµµ4µø 242-5),,ª˝»∞πÊπ¸,3,,,,,02-820-2906,37.50151673,126.9357457,2020/03/24
º≠øÔ∆Ø∫∞Ω√µø¿€±∏√ª,º≠øÔ∆Ø∫∞Ω√ µø¿€±∏ º∫¥Î∑Œ 10±Ê 3 (ªÛµµ4µø 261-20 æ»¿œæ‡±π ¡÷∫Ø),,ª˝»∞πÊπ¸,3,,,,,02-820-2906,37.49756255,126.9347223,2020/03/24
º≠øÔ∆Ø∫∞Ω√µø¿€±∏√ª,º≠øÔ∆Ø∫∞Ω√ µø¿€±∏ º∫¥Î∑Œ 16±Ê 39 (ªÛµµ4µø 279-334 «ˆ¥Î»—πÃ∏Æ),,ª˝»∞πÊπ¸,3,,,,,02-820-2906,37.49699121,126.9378665,2020/03/24
º≠øÔ∆Ø∫∞Ω√µø¿€±∏√ª,º≠øÔ∆Ø∫∞Ω√ µø¿€±∏ æÁ≥Á∑Œ 25±Ê 51 (ªÛµµ4µø 210-285),,ª˝»∞πÊπ¸,3,,,,,02-820-2906,37.49697146,126.9415531,2020/03/24
º≠øÔ∆Ø∫∞Ω√µø¿€±∏√ª,º≠øÔ∆Ø∫∞Ω√ µø¿€±∏ µÓøÎ∑Œ 10∞°±Ê 7(¥ÎπÊµø 44-104) («—¿¸¡÷),,ª˝»∞πÊπ¸,1,,,,,02-820-2906,37.50989115,126.9333633,2020/03/24
º≠øÔ∆Ø∫∞Ω√µø¿€±∏√ª,º≠øÔ∆Ø∫∞Ω√ µø¿€±∏ µÓøÎ∑Œ 10±Ê 44 (¥ÎπÊµø 44-250 øµ¡¯±≥»∏ æ’),,ª˝»∞πÊπ¸,3,,,,,02-820-2906,37.51045384,126.9341817,2020/03/24
º≠øÔ∆Ø∫∞Ω√µø¿€±∏√ª,º≠øÔ∆Ø∫∞Ω√ µø¿€±∏ ø©¿«¥ÎπÊ∑Œ 24¥Ÿ±Ê 57 (¥ÎπÊµø 410-10 ƒ⁄∑’æ∆∆ƒ∆Æ ø∑),,ª˝»∞πÊπ¸,3,,,,,02-820-2906,37.49898714,126.9243079,2020/03/24
º≠øÔ∆Ø∫∞Ω√µø¿€±∏√ª,º≠øÔ∆Ø∫∞Ω√ µø¿€±∏ ªÛµµ∑Œ 11±Ê 9-1(¥ÎπÊµø 335-29 µø¿€ ≥Î¿Œ∫π¡ˆ∞¸ ø∑),,ª˝»∞πÊπ¸,3,,,,,02-820-2906,37.50068033,126.9289926,2020/03/24
º≠øÔ∆Ø∫∞Ω√µø¿€±∏√ª,º≠øÔ∆Ø∫∞Ω√ µø¿€±∏ ¥ÎπÊµø 23±Ê 45 (¥ÎπÊµø 388-17),,ª˝»∞πÊπ¸,3,,,,,02-820-2906,37.50396331,126.9227919,2020/03/24
º≠øÔ∆Ø∫∞Ω√µø¿€±∏√ª,º≠øÔ∆Ø∫∞Ω√ µø¿€±∏ ¥ÎπÊµø 23±Ê 21(¥ÎπÊµø 380-1),,ª˝»∞πÊπ¸,3,,,,,02-820-2906,37.50394613,126.9240948,2020/03/24
º≠øÔ∆Ø∫∞Ω√µø¿€±∏√ª,º≠øÔ∆Ø∫∞Ω√ µø¿€±∏ ø©¿«¥ÎπÊ∑Œ24≥™±Ê 2(¥ÎπÊµø 414-5),,ª˝»∞πÊπ¸,3,,,,,02-820-2906,37.49842276,126.9210244,2020/03/24
º≠øÔ∆Ø∫∞Ω√µø¿€±∏√ª,º≠øÔ∆Ø∫∞Ω√ µø¿€±∏ ø©¿«¥ÎπÊ∑Œ 22,,ª˝»∞πÊπ¸,1,,,,,02-820-2906,37.4910603,126.9116423,2020/03/24
º≠øÔ∆Ø∫∞Ω√µø¿€±∏√ª,º≠øÔ∆Ø∫∞Ω√ µø¿€±∏ Ω≈¥ÎπÊ14∞°±Ê 23 (Ω≈¥ÎπÊ1µø 631-4 ¥Î√µ±≥»∏ æ’),,ª˝»∞πÊπ¸,1,,,,,02-820-2906,37.49023904,126.9122629,2020/03/24
º≠øÔ∆Ø∫∞Ω√µø¿€±∏√ª,º≠øÔ∆Ø∫∞Ω√ µø¿€±∏ Ω≈¥ÎπÊ1±Ê 32 (Ω≈¥ÎπÊ1µø694-20æ’ ªÔ∞≈∏Æ),,ª˝»∞πÊπ¸,3,,,,,02-820-2906,37.48667647,126.9098926,2020/03/24
º≠øÔ∆Ø∫∞Ω√µø¿€±∏√ª,º≠øÔ∆Ø∫∞Ω√ µø¿€±∏ ø©¿«¥ÎπÊ∑Œ 10±Ê 73 (Ω≈¥ÎπÊ1µø 470-13),,ª˝»∞πÊπ¸,3,,,,,02-820-2906,37.49279983,126.914906,2020/03/24
º≠øÔ∆Ø∫∞Ω√µø¿€±∏√ª,º≠øÔ∆Ø∫∞Ω√ µø¿€±∏ ¥Î∏≤∑Œ 43,,ª˝»∞πÊπ¸,3,,,,,02-820-2906,37.48746099,126.9083765,2020/03/24
º≠øÔ∆Ø∫∞Ω√µø¿€±∏√ª,º≠øÔ∆Ø∫∞Ω√ µø¿€±∏ Ω≈¥ÎπÊ3±Ê 38 (Ω≈¥ÎπÊ1µø 689-57 ¥Û±‚∏”∏ÆπÃøÎΩ«),,ª˝»∞πÊπ¸,3,,,,,02-820-2906,37.48775755,126.909724,2020/03/24
º≠øÔ∆Ø∫∞Ω√µø¿€±∏√ª,º≠øÔ∆Ø∫∞Ω√ µø¿€±∏ Ω≈¥ÎπÊ6±Ê 25 (Ω≈¥ÎπÊ1µø 616-54 æ∆¿Ã∫Òøµ¿ÁæÓ∏∞¿Ã¡˝ æ’),,ª˝»∞πÊπ¸,3,,,,,02-820-2906,37.48907065,126.9113507,2020/03/24
º≠øÔ∆Ø∫∞Ω√µø¿€±∏√ª,º≠øÔ∆Ø∫∞Ω√ µø¿€±∏ ø©¿«¥ÎπÊ∑Œ16±Ê 12-7 (Ω≈¥ÎπÊ2µø 498-44 ¡÷≈√∞°),,ª˝»∞πÊπ¸,1,,,,,02-820-2906,37.49624984,126.9162365,2020/03/24
º≠øÔ∆Ø∫∞Ω√µø¿€±∏√ª,º≠øÔ∆Ø∫∞Ω√ µø¿€±∏ ø©¿«¥ÎπÊ∑Œ 22ƒ´±Ê 12 (Ω≈¥ÎπÊ2µø 358-6 ¿∫«˝±≥»∏ µ⁄),,ª˝»∞πÊπ¸,3,,,,,02-820-2906,37.49779517,126.925829,2020/03/24
º≠øÔ∆Ø∫∞Ω√µø¿€±∏√ª,"º≠øÔ∆Ø∫∞Ω√ µø¿€±∏ ∫∏∂Û∏≈∑Œ9±Ê 38-1 (Ω≈¥ÎπÊ2µø 366-57,58 «—¿¸¡÷)",,ª˝»∞πÊπ¸,1,,,,,02-820-2906,37.49507722,126.9250129,2020/03/24
º≠øÔ∆Ø∫∞Ω√µø¿€±∏√ª,º≠øÔ∆Ø∫∞Ω√ µø¿€±∏ ∫∏∂Û∏≈∑Œ7∞°±Ê 6-1,º≠øÔ∆Ø∫∞Ω√ µø¿€±∏ Ω≈¥ÎπÊ2µø 344-137,ª˝»∞πÊπ¸,1,,,,,02-820-2906,37.49395356,126.9262896,2020/03/24
º≠øÔ∆Ø∫∞Ω√µø¿€±∏√ª,º≠øÔ∆Ø∫∞Ω√ µø¿€±∏ ±πªÁ∫¿2∞°±Ê 15 (Ω≈¥ÎπÊ2µø 339-4 ¥Îº∫∫Ù∂Ûø∑),,ª˝»∞πÊπ¸,1,,,,,02-820-2906,37.49758455,126.9291132,2020/03/24
º≠øÔ∆Ø∫∞Ω√µø¿€±∏√ª,º≠øÔ∆Ø∫∞Ω√ µø¿€±∏ ∫∏∂Û∏≈∑Œ17±Ê 23 (Ω≈¥ÎπÊ2µø 360-146),,ª˝»∞πÊπ¸,3,,,,,02-820-2906,37.4972587,126.9266754,2020/03/24
º≠øÔ∆Ø∫∞Ω√µø¿€±∏√ª,º≠øÔ∆Ø∫∞Ω√ µø¿€±∏ ªÁ¥Á∑Œ2∞°±Ê 10-3 (ªÛµµ1µø 410 «ˆ¥Îæ∆∆ƒ∆Æ 201µø),,ª˝»∞πÊπ¸,3,,,,,02-820-2906,37.49328918,126.9616796,2020/03/24
º≠øÔ∆Ø∫∞Ω√µø¿€±∏√ª,º≠øÔ∆Ø∫∞Ω√ µø¿€±∏ ªÛµµ∑Œ55±Ê 16 (ªÛµµ1µø 484),,ª˝»∞πÊπ¸,3,,,,,02-820-2906,37.49729454,126.9550824,2020/03/24
º≠øÔ∆Ø∫∞Ω√µø¿€±∏√ª,º≠øÔ∆Ø∫∞Ω√ µø¿€±∏ ªÛµµ∑Œ47∞°±Ê9 (ªÛµµ1µø 359-1 ªı∏∂¿ª±›∞Ì ∫Œ±Ÿ),,ª˝»∞πÊπ¸,1,,,,,02-820-2906,37.50035646,126.9513079,2020/03/24
º≠øÔ∆Ø∫∞Ω√µø¿€±∏√ª,º≠øÔ∆Ø∫∞Ω√ µø¿€±∏ ªÛµµ∑Œ52±Ê 4(ªÛµµµø 469-5),,ª˝»∞πÊπ¸,3,,,,,02-820-2906,37.49810758,126.9513772,2020/03/24
º≠øÔ∆Ø∫∞Ω√µø¿€±∏√ª,º≠øÔ∆Ø∫∞Ω√ µø¿€±∏ «ˆ√Ê∑Œ12±Ê 106(»ÊºÆµø 295),,ª˝»∞πÊπ¸,3,,,,,02-820-2906,37.50401675,126.9683875,2020/03/24
º≠øÔ∆Ø∫∞Ω√µø¿€±∏√ª,º≠øÔ∆Ø∫∞Ω√ µø¿€±∏ º≠¥ﬁ∑Œ4±Ê 33,,ª˝»∞πÊπ¸,3,,,,,02-820-2906,37.496179,126.938547,2020/03/24
º≠øÔ∆Ø∫∞Ω√µø¿€±∏√ª,º≠øÔ∆Ø∫∞Ω√ µø¿€±∏ »ÊºÆ∑Œ6±Ê 29 (»ÊºÆµø 207-74),,ª˝»∞πÊπ¸,1,,,,,02-820-2906,37.50544365,126.9561769,2020/03/24
º≠øÔ∆Ø∫∞Ω√µø¿€±∏√ª,º≠øÔ∆Ø∫∞Ω√ µø¿€±∏ º≠¥ﬁ∑Œ10≥™±Ê 19 (»ÊºÆµø 84-134 ¡¶¿œ±≥»∏),,ª˝»∞πÊπ¸,1,,,,,02-820-2906,37.50345995,126.9623304,2020/03/24
º≠øÔ∆Ø∫∞Ω√µø¿€±∏√ª,º≠øÔ∆Ø∫∞Ω√ µø¿€±∏ µø¿€¥Î∑Œ3±Ê 46 (ªÁ¥Á1µø 1034-46),,ª˝»∞πÊπ¸,3,,,,,02-820-2906,37.47898913,126.9790119,2020/03/24
º≠øÔ∆Ø∫∞Ω√µø¿€±∏√ª,º≠øÔ∆Ø∫∞Ω√ µø¿€±∏ µø¿€¥Î∑Œ15±Ê 96 (ªÁ¥Á1µø 321-21),,ª˝»∞πÊπ¸,3,,,,,02-820-2906,37.48270437,126.9762838,2020/03/24
º≠øÔ∆Ø∫∞Ω√µø¿€±∏√ª,º≠øÔ∆Ø∫∞Ω√ µø¿€±∏ ≥≤∫Œº¯»Ø∑Œ255≥™±Ê 9(ªÁ¥Á1µø 449-18),,ª˝»∞πÊπ¸,3,,,,,02-820-2906,37.47722516,126.9714377,2020/03/24
º≠øÔ∆Ø∫∞Ω√µø¿€±∏√ª,º≠øÔ∆Ø∫∞Ω√ µø¿€±∏ ≥≤∫Œº¯»Ø∑Œ271±Ê 35 (ªÁ¥Á1µø 1032-50 øœµµºˆªÍ),,ª˝»∞πÊπ¸,1,,,,,02-820-2906,37.47846312,126.9800432,2020/03/24
º≠øÔ∆Ø∫∞Ω√µø¿€±∏√ª,º≠øÔ∆Ø∫∞Ω√ µø¿€±∏ µø¿€¥Î∑Œ41±Ê22 (ªÁ¥Á2µø102-69),,ª˝»∞πÊπ¸,3,,,,,02-820-2906,37.4966708,126.9807304,2020/03/24
º≠øÔ∆Ø∫∞Ω√µø¿€±∏√ª,º≠øÔ∆Ø∫∞Ω√ µø¿€±∏ µø¿€¥Î∑Œ25±Ê 16,,ª˝»∞πÊπ¸,3,,,,,02-820-2906,37.48633087,126.9809275,2020/03/24
º≠øÔ∆Ø∫∞Ω√µø¿€±∏√ª,º≠øÔ∆Ø∫∞Ω√ µø¿€±∏ µø¿€¥Î∑Œ31±Ê 32(ªÁ¥Áµø 91-41),,ª˝»∞πÊπ¸,5,,,,,02-820-2906,37.48909153,126.9807188,2020/03/24
º≠øÔ∆Ø∫∞Ω√µø¿€±∏√ª,º≠øÔ∆Ø∫∞Ω√ µø¿€±∏ µø¿€¥Î∑Œ 33∏∂±Ê 39(ªÁ¥Á2µø 64-61),,ª˝»∞πÊπ¸,1,,,,,02-820-2906,37.49097591,126.9777647,2020/03/24
º≠øÔ∆Ø∫∞Ω√µø¿€±∏√ª,º≠øÔ∆Ø∫∞Ω√ µø¿€±∏ ªÁ¥Á∑Œ29¥Ÿ±Ê 54(ªÁ¥Áµø 141-251),,ª˝»∞πÊπ¸,2,,,,,02-820-2906,37.48688164,126.9772458,2020/03/24
º≠øÔ∆Ø∫∞Ω√µø¿€±∏√ª,º≠øÔ∆Ø∫∞Ω√ µø¿€±∏ ªÁ¥Á∑Œ23±Ê 181 (ªÁ¥Á3µø 175-25 ∞Ì¿∫æ‡±πæ’),,ª˝»∞πÊπ¸,3,,,,,02-820-2906,37.49017429,126.9707272,2020/03/24
º≠øÔ∆Ø∫∞Ω√µø¿€±∏√ª,º≠øÔ∆Ø∫∞Ω√ µø¿€±∏ ªÁ¥Á∑Œ27±Ê 247 (ªÁ¥Á3µø 178-1 º∫∂Ù∫Ù∂Û æ’),,ª˝»∞πÊπ¸,3,,,,,02-820-2906,37.49249844,126.9689804,2020/03/24
º≠øÔ∆Ø∫∞Ω√µø¿€±∏√ª,º≠øÔ∆Ø∫∞Ω√ µø¿€±∏ ªÁ¥Á∑Œ13±Ê 8 (ªÁ¥Á3µø 252-10),,ª˝»∞πÊπ¸,3,,,,,02-820-2906,37.4845561,126.9728098,2020/03/24
º≠øÔ∆Ø∫∞Ω√µø¿€±∏√ª,º≠øÔ∆Ø∫∞Ω√ µø¿€±∏ ªÁ¥Á∑Œ20≥™±Ê 114 (ªÁ¥Á4µø 304-4)(«—¿¸¡÷),,ª˝»∞πÊπ¸,1,,,,,02-820-2906,37.47891546,126.9714597,2020/03/24
º≠øÔ∆Ø∫∞Ω√µø¿€±∏√ª,º≠øÔ∆Ø∫∞Ω√ µø¿€±∏ ªÁ¥Á∑Œ16∞°±Ê 12 (ªÁ¥Á4µø 265-57)(«—¿¸¡÷),,ª˝»∞πÊπ¸,3,,,,,02-820-2906,37.4830676,126.9726792,2020/03/24
º≠øÔ∆Ø∫∞Ω√µø¿€±∏√ª,º≠øÔ∆Ø∫∞Ω√ µø¿€±∏ ªÁ¥Á∑Œ16πŸ±Ê 16 (ªÁ¥Á4µø 296-32),,ª˝»∞πÊπ¸,1,,,,,02-820-2906,37.48135181,126.9715356,2020/03/24
º≠øÔ∆Ø∫∞Ω√µø¿€±∏√ª,º≠øÔ∆Ø∫∞Ω√ µø¿€±∏ ªÁ¥Á∑Œ14∞°±Ê 8(ªÁ¥Á4µø 254-11),,ª˝»∞πÊπ¸,1,,,,,02-820-2906,37.48409096,126.9718647,2020/03/24
º≠øÔ∆Ø∫∞Ω√µø¿€±∏√ª,º≠øÔ∆Ø∫∞Ω√ µø¿€±∏ ªÁ¥Á∑Œ8∞°±Ê 9-8,,ª˝»∞πÊπ¸,3,,,,,02-820-2906,37.4840034,126.9677266,2020/03/24
º≠øÔ∆Ø∫∞Ω√µø¿€±∏√ª,º≠øÔ∆Ø∫∞Ω√ µø¿€±∏ ªÛµµ∑Œ49±Ê 7 (ªÛµµ1µø 465-16),,ª˝»∞πÊπ¸,3,,,,,02-820-2906,37.49919625,126.9519917,2020/03/24
º≠øÔ∆Ø∫∞Ω√µø¿€±∏√ª,º≠øÔ∆Ø∫∞Ω√ µø¿€±∏ ªÁ¥Á∑Œ8±Ê 9 (ªÁ¥Á5µø 248 ªÁ¥ÁπÆ»≠»∏∞¸ ªÁ∞≈∏Æ),,ª˝»∞πÊπ¸,3,,,,,02-820-2906,37.4847175,126.9696122,2020/03/24
º≠øÔ∆Ø∫∞Ω√µø¿€±∏√ª,º≠øÔ∆Ø∫∞Ω√ µø¿€±∏ ≥Î∑Æ¡¯∑Œ14≥™±Ê 24(≥Î∑Æ¡¯1µø 119-35),,ª˝»∞πÊπ¸,3,,,,,02-820-2906,37.51177404,126.9433151,2020/03/24
º≠øÔ∆Ø∫∞Ω√µø¿€±∏√ª,º≠øÔ∆Ø∫∞Ω√ µø¿€±∏ ≥Î∑Æ¡¯∑Œ32±Ê 10(≥Î∑Æ¡¯1µø 10-23),,ª˝»∞πÊπ¸,3,,,,,02-820-2906,37.5130985,126.9559552,2020/03/24
º≠øÔ∆Ø∫∞Ω√µø¿€±∏√ª,º≠øÔ∆Ø∫∞Ω√ µø¿€±∏ ªÛµµ∑Œ34≥™±Ê 9(ªÛµµ2µø 154-5),,ª˝»∞πÊπ¸,3,,,,,02-820-2906,37.50399425,126.9460715,2020/03/24
º≠øÔ∆Ø∫∞Ω√µø¿€±∏√ª,,º≠øÔ∆Ø∫∞Ω√ µø¿€±∏ »ÊºÆµø 74,ª˝»∞πÊπ¸,3,,,,,02-820-2906,37.505197,126.968238,2020/03/24
º≠øÔ∆Ø∫∞Ω√µø¿€±∏√ª,º≠øÔ∆Ø∫∞Ω√ µø¿€±∏ ≥≤∫Œº¯»Ø∑Œ257∞°±Ê 48(ªÁ¥Áµø 419-33),,ª˝»∞πÊπ¸,3,,,,,02-820-2906,37.4799906,126.9765967,2020/03/24
º≠øÔ∆Ø∫∞Ω√µø¿€±∏√ª,º≠øÔ∆Ø∫∞Ω√ µø¿€±∏ µø¿€¥Î∑Œ31±Ê 46-6(ªÁ¥Áµø 91-38),,ª˝»∞πÊπ¸,4,,,,,02-820-2906,37.48943379,126.9799905,2020/03/24
º≠øÔ∆Ø∫∞Ω√µø¿€±∏√ª,º≠øÔ∆Ø∫∞Ω√ µø¿€±∏ µø¿€¥Î∑Œ±Ê27±Ê 5,,ª˝»∞πÊπ¸,3,,,,,02-820-2906,37.487172,126.981628,2020/03/24
º≠øÔ∆Ø∫∞Ω√µø¿€±∏√ª,º≠øÔ∆Ø∫∞Ω√ µø¿€±∏ ªÁ¥Á∑Œ16≥™±Ê 22(ªÁ¥Á4µø 267-21),,ª˝»∞πÊπ¸,3,,,,,02-820-2906,37.483017,126.972059,2020/03/24
º≠øÔ∆Ø∫∞Ω√µø¿€±∏√ª,º≠øÔ∆Ø∫∞Ω√ µø¿€±∏ ø©¿«¥ÎπÊ∑Œ 300,,ª˝»∞πÊπ¸,3,,,,,02-820-2906,37.513546,126.927093,2020/03/24
º≠øÔ∆Ø∫∞Ω√µø¿€±∏√ª,º≠øÔ∆Ø∫∞Ω√ µø¿€±∏ ø©¿«¥ÎπÊ∑Œ22≥™±Ê 23(Ω≈¥ÎπÊ2µø 367-83 πÆ√¢¡ﬂ«–±≥ ≈Î«–∑Œ),,ª˝»∞πÊπ¸,3,,,,,02-820-2906,37.49685521,126.9213336,2020/03/24
º≠øÔ∆Ø∫∞Ω√µø¿€±∏√ª,º≠øÔ∆Ø∫∞Ω√ µø¿€±∏ »ÊºÆ∑Œ3±Ê 47,,ª˝»∞πÊπ¸,3,,,,,02-820-2906,37.50932899,126.9567491,2020/03/24
º≠øÔ∆Ø∫∞Ω√µø¿€±∏√ª,º≠øÔ∆Ø∫∞Ω√ µø¿€±∏ »ÊºÆ∑Œ3±Ê 60(»ÊºÆµø 186-20),,ª˝»∞πÊπ¸,3,,,,,02-820-2906,37.50943396,126.9580113,2020/03/24
º≠øÔ∆Ø∫∞Ω√µø¿€±∏√ª,º≠øÔ∆Ø∫∞Ω√ µø¿€±∏ »ÊºÆ∑Œ13±Ê 27(»ÊºÆµø 186-68),,ª˝»∞πÊπ¸,2,,,,,02-820-2906,37.5099892,126.9586489,2020/03/24
º≠øÔ∆Ø∫∞Ω√µø¿€±∏√ª,º≠øÔ∆Ø∫∞Ω√ µø¿€±∏ »ÊºÆ∑Œ5±Ê 92(»ÊºÆµø 186-61),,ª˝»∞πÊπ¸,2,,,,,02-820-2906,37.50912071,126.958862,2020/03/24
º≠øÔ∆Ø∫∞Ω√µø¿€±∏√ª,º≠øÔ∆Ø∫∞Ω√ µø¿€±∏ »ÊºÆ∑Œ5±Ê 73,,ª˝»∞πÊπ¸,2,,,,,02-820-2906,37.50916715,126.9576903,2020/03/24
º≠øÔ∆Ø∫∞Ω√µø¿€±∏√ª,º≠øÔ∆Ø∫∞Ω√ µø¿€±∏ »ÊºÆ∑Œ9±Ê 72(»ÊºÆµø 198-17),,ª˝»∞πÊπ¸,4,,,,,02-820-2906,37.508609,126.956737,2020/03/24
º≠øÔ∆Ø∫∞Ω√µø¿€±∏√ª,º≠øÔ∆Ø∫∞Ω√ µø¿€±∏ »ÊºÆ∑Œ13∏∂±Ê 12(»ÊºÆµø 186-12),,ª˝»∞πÊπ¸,2,,,,,02-820-2906,37.50941286,126.9595043,2020/03/24
º≠øÔ∆Ø∫∞Ω√µø¿€±∏√ª,º≠øÔ∆Ø∫∞Ω√ µø¿€±∏ ∫∏∂Û∏≈∑Œ13±Ê 13(Ω≈¥ÎπÊ2µø 344-74),,ª˝»∞πÊπ¸,3,,,,,02-820-2906,37.49616669,126.9266991,2020/03/24
º≠øÔ∆Ø∫∞Ω√µø¿€±∏√ª,º≠øÔ∆Ø∫∞Ω√ µø¿€±∏ ¿ÂΩ¬πË±‚∑Œ 20¥Ÿ±Ê 10 (≥Î∑Æ¡¯1µø 232-9),,ª˝»∞πÊπ¸,3,,,,,02-820-2906,37.50983777,126.9414571,2020/03/24
º≠øÔ∆Ø∫∞Ω√µø¿€±∏√ª,º≠øÔ∆Ø∫∞Ω√ µø¿€±∏ ¿ÂΩ¬πË±‚∑Œ26±Ê 65(≥Î∑Æ¡¯1µø 119-118),,ª˝»∞πÊπ¸,3,,,,,02-820-2906,37.51113246,126.9431753,2020/03/24
º≠øÔ∆Ø∫∞Ω√µø¿€±∏√ª,º≠øÔ∆Ø∫∞Ω√ µø¿€±∏ ªÁ¥Á∑Œ16¥Ÿ±Ê 57 (ªÁ¥Á5µø 240-15),,ª˝»∞πÊπ¸,3,,,,,02-820-2906,37.48268834,126.9692558,2020/03/24
º≠øÔ∆Ø∫∞Ω√µø¿€±∏√ª,º≠øÔ∆Ø∫∞Ω√ µø¿€±∏ Ω≈¥ÎπÊ2∞°±Ê 12(Ω≈¥ÎπÊ1µø 618-147),,ª˝»∞πÊπ¸,3,,,,,02-820-2906,37.48850944,126.9127218,2020/03/24
º≠øÔ∆Ø∫∞Ω√µø¿€±∏√ª,º≠øÔ∆Ø∫∞Ω√ µø¿€±∏ «ˆ√Ê∑Œ22±Ê 23(»ÊºÆµø 227-20),,ª˝»∞πÊπ¸,3,,,,,02-820-2906,37.50447143,126.9706311,2020/03/24
º≠øÔ∆Ø∫∞Ω√µø¿€±∏√ª,º≠øÔ∆Ø∫∞Ω√ µø¿€±∏ ≥Î∑Æ¡¯∑Œ16±Ê 10(≥Î∑Æ¡¯1µø 100-3),,ª˝»∞πÊπ¸,3,,,,,02-820-2906,37.5131221,126.9436489,2020/03/24
º≠øÔ∆Ø∫∞Ω√µø¿€±∏√ª,º≠øÔ∆Ø∫∞Ω√ µø¿€±∏ ∏≈∫¿∑Œ134 (≥Î∑Æ¡¯1µø 481),,ª˝»∞πÊπ¸,3,,,,,02-820-2906,37.51014866,126.9514916,2020/03/24
º≠øÔ∆Ø∫∞Ω√µø¿€±∏√ª,º≠øÔ∆Ø∫∞Ω√ µø¿€±∏ ∏∏æÁ∑Œ13±Ê 28(≥Î∑Æ¡¯1µø 221-84),,ª˝»∞πÊπ¸,3,,,,,02-820-2906,37.50942487,126.9446967,2020/03/24
º≠øÔ∆Ø∫∞Ω√µø¿€±∏√ª,º≠øÔ∆Ø∫∞Ω√ µø¿€±∏ ¿ÂΩ¬πË±‚∑Œ16±Ê 65(≥Î∑Æ¡¯2µø 229-42),,ª˝»∞πÊπ¸,3,,,,,02-820-2906,37.50771933,126.9429201,2020/03/24
º≠øÔ∆Ø∫∞Ω√µø¿€±∏√ª,º≠øÔ∆Ø∫∞Ω√ µø¿€±∏ ≥Î∑Æ¡¯∑Œ8≥™±Ê 111(≥Î∑Æ¡¯2µø 294-414),,ª˝»∞πÊπ¸,4,,,,,02-820-2906,37.50783115,126.9360751,2020/03/24
º≠øÔ∆Ø∫∞Ω√µø¿€±∏√ª,º≠øÔ∆Ø∫∞Ω√ µø¿€±∏ ≥Î∑Æ¡¯∑Œ8¥Ÿ±Ê 2(≥Î∑Æ¡¯2µø 282-40),,ª˝»∞πÊπ¸,3,,,,,02-820-2906,37.51094192,126.9369999,2020/03/24
º≠øÔ∆Ø∫∞Ω√µø¿€±∏√ª,º≠øÔ∆Ø∫∞Ω√ µø¿€±∏ ¿ÂΩ¬πË±‚∑Œ9±Ê 41(ªÛµµ2µø 184-150),,ª˝»∞πÊπ¸,3,,,,,02-820-2906,37.50298827,126.9377982,2020/03/24
º≠øÔ∆Ø∫∞Ω√µø¿€±∏√ª,º≠øÔ∆Ø∫∞Ω√ µø¿€±∏ ªÛµµ∑Œ15±Ê 104(ªÛµµ2µø 361-106),,ª˝»∞πÊπ¸,3,,,,,02-820-2906,37.5043031,126.9365983,2020/03/24
º≠øÔ∆Ø∫∞Ω√µø¿€±∏√ª,º≠øÔ∆Ø∫∞Ω√ µø¿€±∏ ªÛµµ∑Œ34±Ê 36(ªÛµµ2µø 156-11),,ª˝»∞πÊπ¸,3,,,,,02-820-2906,37.50338454,126.9447103,2020/03/24
º≠øÔ∆Ø∫∞Ω√µø¿€±∏√ª,º≠øÔ∆Ø∫∞Ω√ µø¿€±∏ ±πªÁ∫¿10±Ê 81-3(ªÛµµ3µø 301-70),,ª˝»∞πÊπ¸,3,,,,,02-820-2906,37.49327996,126.9329167,2020/03/24
º≠øÔ∆Ø∫∞Ω√µø¿€±∏√ª,º≠øÔ∆Ø∫∞Ω√ µø¿€±∏ ªÛµµ∑Œ15¥Ÿ±Ê 7-12(ªÛµµ3µø 331-67),,ª˝»∞πÊπ¸,3,,,,,02-820-2906,37.50226476,126.9328635,2020/03/24
º≠øÔ∆Ø∫∞Ω√µø¿€±∏√ª,º≠øÔ∆Ø∫∞Ω√ µø¿€±∏ º∫¥Î∑Œ2±Ê 11,,ª˝»∞πÊπ¸,3,,,,,02-820-2906,37.49912482,126.9314052,2020/03/24
º≠øÔ∆Ø∫∞Ω√µø¿€±∏√ª,º≠øÔ∆Ø∫∞Ω√ µø¿€±∏ ªÛµµ∑Œ22≥™±Ê 17(ªÛµµ4µø 193-63),,ª˝»∞πÊπ¸,3,,,,,02-820-2906,37.50184512,126.9365325,2020/03/24
º≠øÔ∆Ø∫∞Ω√µø¿€±∏√ª,º≠øÔ∆Ø∫∞Ω√ µø¿€±∏ º∫¥Î∑Œ25±Ê 10-8,,ª˝»∞πÊπ¸,3,,,,,02-820-2906,37.49912173,126.9389007,2020/03/24
º≠øÔ∆Ø∫∞Ω√µø¿€±∏√ª,º≠øÔ∆Ø∫∞Ω√ µø¿€±∏ º∫¥Î∑Œ10≥™±Ê 6,,ª˝»∞πÊπ¸,3,,,,,02-820-2906,37.49712303,126.9350393,2020/03/24
º≠øÔ∆Ø∫∞Ω√µø¿€±∏√ª,º≠øÔ∆Ø∫∞Ω√ µø¿€±∏ ¥ÎπÊµø±Ê 77 (¥ÎπÊµø 376-1),,ª˝»∞πÊπ¸,3,,,,,02-820-2906,37.50485477,126.9247543,2020/03/24
º≠øÔ∆Ø∫∞Ω√µø¿€±∏√ª,º≠øÔ∆Ø∫∞Ω√ µø¿€±∏ µÓøÎ∑Œ8∞°±Ê 11(¥ÎπÊµø 13-50),,ª˝»∞πÊπ¸,3,,,,,02-820-2906,37.50649665,126.9342214,2020/03/24
º≠øÔ∆Ø∫∞Ω√µø¿€±∏√ª,º≠øÔ∆Ø∫∞Ω√ µø¿€±∏ ø©¿«¥ÎπÊ∑Œ24ªÁ±Ê 8(¥ÎπÊµø 404-15),,ª˝»∞πÊπ¸,3,,,,,02-820-2906,37.49922931,126.9254114,2020/03/24
º≠øÔ∆Ø∫∞Ω√µø¿€±∏√ª,º≠øÔ∆Ø∫∞Ω√ µø¿€±∏ Ω≈¥ÎπÊ±Ê 88(Ω≈¥ÎπÊ1µø 602-15),,ª˝»∞πÊπ¸,3,,,,,02-820-2906,37.48971809,126.9096493,2020/03/24
º≠øÔ∆Ø∫∞Ω√µø¿€±∏√ª,º≠øÔ∆Ø∫∞Ω√ µø¿€±∏ Ω≈¥ÎπÊ16∞°±Ê 18(Ω≈¥ÎπÊ1µø 599-24),,ª˝»∞πÊπ¸,3,,,,,02-820-2906,37.4902523,126.910716,2020/03/24
º≠øÔ∆Ø∫∞Ω√µø¿€±∏√ª,º≠øÔ∆Ø∫∞Ω√ µø¿€±∏ Ω≈¥ÎπÊ18±Ê 1 (Ω≈¥ÎπÊ1µø 591-57),,ª˝»∞πÊπ¸,4,,,,,02-820-2906,37.49013196,126.9088799,2020/03/24
º≠øÔ∆Ø∫∞Ω√µø¿€±∏√ª,º≠øÔ∆Ø∫∞Ω√ µø¿€±∏ Ω≈¥ÎπÊ14∞°±Ê 23 (Ω≈¥ÎπÊ1µø 631-4),,ª˝»∞πÊπ¸,3,,,,,02-820-2906,37.49023904,126.9122629,2020/03/24
º≠øÔ∆Ø∫∞Ω√µø¿€±∏√ª,º≠øÔ∆Ø∫∞Ω√ µø¿€±∏ ø©¿«¥ÎπÊ∑Œ22±Ê 44 (Ω≈¥ÎπÊ2µø 364-18),,ª˝»∞πÊπ¸,3,,,,,02-820-2906,37.49754066,126.9223643,2020/03/24
º≠øÔ∆Ø∫∞Ω√µø¿€±∏√ª,º≠øÔ∆Ø∫∞Ω√ µø¿€±∏ ∫∏∂Û∏≈∑Œ9∂Û±Ê 10(Ω≈¥ÎπÊ2µø 344-165),,ª˝»∞πÊπ¸,3,,,,,02-820-2906,37.49472804,126.9256692,2020/03/24
º≠øÔ∆Ø∫∞Ω√µø¿€±∏√ª,º≠øÔ∆Ø∫∞Ω√ µø¿€±∏ ø©¿«¥ÎπÊ∑Œ22±Ê 78(Ω≈¥ÎπÊ2µø 361-55),,ª˝»∞πÊπ¸,3,,,,,02-820-2906,37.4977077,126.9242956,2020/03/24
º≠øÔ∆Ø∫∞Ω√µø¿€±∏√ª,º≠øÔ∆Ø∫∞Ω√ µø¿€±∏ ªÛµµ∑Œ47πŸ±Ê41(ªÛµµµø 54-34,,ª˝»∞πÊπ¸,3,,,,,02-820-2906,37.50365503,126.9535043,2020/03/24
º≠øÔ∆Ø∫∞Ω√µø¿€±∏√ª,º≠øÔ∆Ø∫∞Ω√ µø¿€±∏ ªÛµµ∑Œ68±Ê 10(ªÛµµµø 498-3,,ª˝»∞πÊπ¸,3,,,,,02-820-2906,37.49369772,126.9550801,2020/03/24
º≠øÔ∆Ø∫∞Ω√µø¿€±∏√ª,º≠øÔ∆Ø∫∞Ω√ µø¿€±∏ ªÛµµ∑Œ45±Ê 81(ªÛµµ1µø 326-2),,ª˝»∞πÊπ¸,3,,,,,02-820-2906,37.50272134,126.9528852,2020/03/24
º≠øÔ∆Ø∫∞Ω√µø¿€±∏√ª,º≠øÔ∆Ø∫∞Ω√ µø¿€±∏ ªÛµµ∑Œ61±Ê 44(ªÛµµµø 504-2),,ª˝»∞πÊπ¸,4,,,,,02-820-2906,37.49468601,126.9572099,2020/03/24
º≠øÔ∆Ø∫∞Ω√µø¿€±∏√ª,º≠øÔ∆Ø∫∞Ω√ µø¿€±∏ ∏∏æÁ∑Œ2±Ê 46(ªÛµµµø 16-18),,ª˝»∞πÊπ¸,3,,,,,02-820-2906,37.50658361,126.9498562,2020/03/24
º≠øÔ∆Ø∫∞Ω√µø¿€±∏√ª,º≠øÔ∆Ø∫∞Ω√ µø¿€±∏ ªÛµµ∑Œ13∞°±Ê 6-2(ªÛµµµø 328-1),,ª˝»∞πÊπ¸,3,,,,,02-820-2906,37.50045815,126.9311416,2020/03/24
º≠øÔ∆Ø∫∞Ω√µø¿€±∏√ª,º≠øÔ∆Ø∫∞Ω√ µø¿€±∏ º∫¥Î∑Œ19±Ê 23(ªÛµµµø 244-369),,ª˝»∞πÊπ¸,3,,,,,02-820-2906,37.49897625,126.9364038,2020/03/24
º≠øÔ∆Ø∫∞Ω√µø¿€±∏√ª,º≠øÔ∆Ø∫∞Ω√ µø¿€±∏ »ÊºÆ∑Œ6±Ê 16-1(»ÊºÆµø 207-18),,ª˝»∞πÊπ¸,4,,,,,02-820-2906,37.50600605,126.9566606,2020/03/24
º≠øÔ∆Ø∫∞Ω√µø¿€±∏√ª,º≠øÔ∆Ø∫∞Ω√ µø¿€±∏ º≠¥ﬁ∑Œ13±Ê 11-1,,ª˝»∞πÊπ¸,3,,,,,02-820-2906,37.50810906,126.9620883,2020/03/24
º≠øÔ∆Ø∫∞Ω√µø¿€±∏√ª,º≠øÔ∆Ø∫∞Ω√ µø¿€±∏ º≠¥ﬁ∑Œ10∂Û±Ê 17(»ÊºÆµø 64-43),,ª˝»∞πÊπ¸,4,,,,,02-820-2906,37.50352175,126.9640177,2020/03/24
º≠øÔ∆Ø∫∞Ω√µø¿€±∏√ª,º≠øÔ∆Ø∫∞Ω√ µø¿€±∏ º≠¥ﬁ∑Œ4∞°±Ê 19-2(»ÊºÆµø 79-230),,ª˝»∞πÊπ¸,3,,,,,02-820-2906,37.506736,126.960103,2020/03/24
º≠øÔ∆Ø∫∞Ω√µø¿€±∏√ª,º≠øÔ∆Ø∫∞Ω√ µø¿€±∏ ≥≤∫Œº¯»Ø∑Œ271±Ê 65(ªÁ¥Áµø 1033-14),,ª˝»∞πÊπ¸,5,,,,,02-820-2906,37.47939286,126.9794595,2020/03/24
º≠øÔ∆Ø∫∞Ω√µø¿€±∏√ª,º≠øÔ∆Ø∫∞Ω√ µø¿€±∏ µø¿€¥Î∑Œ11±Ê104(ªÁ¥Áµø 319-44),,ª˝»∞πÊπ¸,5,,,,,02-820-2906,37.48161585,126.975764,2020/03/24
º≠øÔ∆Ø∫∞Ω√µø¿€±∏√ª,º≠øÔ∆Ø∫∞Ω√ µø¿€±∏ ≥≤∫Œº¯»Ø∑Œ269±Ê 87(ªÁ¥Áµø 435-20),,ª˝»∞πÊπ¸,4,,,,,02-820-2906,37.47917931,126.974779,2020/03/24
º≠øÔ∆Ø∫∞Ω√µø¿€±∏√ª,º≠øÔ∆Ø∫∞Ω√ µø¿€±∏ ≥≤∫Œº¯»Ø∑Œ271∞°±Ê 7(ªÁ¥Áµø 1039-45),,ª˝»∞πÊπ¸,3,,,,,02-820-2906,37.47769178,126.9795957,2020/03/24
º≠øÔ∆Ø∫∞Ω√µø¿€±∏√ª,º≠øÔ∆Ø∫∞Ω√ µø¿€±∏ ≥≤∫Œº¯»Ø∑Œ267±Ê 13(ªÁ¥Áµø 419-114),,ª˝»∞πÊπ¸,4,,,,,02-820-2906,37.47752534,126.9761452,2020/03/24
º≠øÔ∆Ø∫∞Ω√µø¿€±∏√ª,º≠øÔ∆Ø∫∞Ω√ µø¿€±∏ µø¿€¥Î∑Œ41±Ê 7(µø¿€µø 102-60)«œ∂˚Ω£¿Øƒ°ø¯,,ª˝»∞πÊπ¸,3,,,,,02-820-2906,37.49604387,126.9817935,2020/03/24
º≠øÔ∆Ø∫∞Ω√µø¿€±∏√ª,º≠øÔ∆Ø∫∞Ω√ µø¿€±∏ µø¿€¥Î∑Œ35∞°±Ê 3(ªÁ¥Áµø 72-15),,ª˝»∞πÊπ¸,3,,,,,02-820-2906,37.49072426,126.9814149,2020/03/24
º≠øÔ∆Ø∫∞Ω√µø¿€±∏√ª,º≠øÔ∆Ø∫∞Ω√ µø¿€±∏ µø¿€¥Î∑Œ27∂Û±Ê 12(ªÁ¥Áµø 141-5),,ª˝»∞πÊπ¸,3,,,,,02-820-2906,37.48614687,126.9797426,2020/03/24
º≠øÔ∆Ø∫∞Ω√µø¿€±∏√ª,º≠øÔ∆Ø∫∞Ω√ µø¿€±∏ ªÁ¥Á∑Œ27±Ê 225(ªÁ¥Áµø178-48),,ª˝»∞πÊπ¸,3,,,,,02-820-2906,37.4917888,126.9703692,2020/03/24
º≠øÔ∆Ø∫∞Ω√µø¿€±∏√ª,º≠øÔ∆Ø∫∞Ω√ µø¿€±∏ ªÁ¥Á∑Œ9∞°±Ê 58,,ª˝»∞πÊπ¸,3,,,,,02-820-2906,37.48776263,126.9685391,2020/03/24
º≠øÔ∆Ø∫∞Ω√µø¿€±∏√ª,º≠øÔ∆Ø∫∞Ω√ µø¿€±∏ ªÁ¥Á∑Œ23±Ê 278(ªÁ¥Áµø 180-1),,ª˝»∞πÊπ¸,3,,,,,02-820-2906,37.49317186,126.9670125,2020/03/24
º≠øÔ∆Ø∫∞Ω√µø¿€±∏√ª,º≠øÔ∆Ø∫∞Ω√ µø¿€±∏ ªÁ¥Á∑Œ18±Ê 9(ªÁ¥Áµø318-19),,ª˝»∞πÊπ¸,3,,,,,02-820-2906,37.482706,126.974581,2020/03/24
º≠øÔ∆Ø∫∞Ω√µø¿€±∏√ª,º≠øÔ∆Ø∫∞Ω√ µø¿€±∏ ≥≤∫Œº¯»Ø∑Œ257±Ê 42,,ª˝»∞πÊπ¸,3,,,,,02-820-2906,37.47883622,126.9716496,2020/03/24
º≠øÔ∆Ø∫∞Ω√µø¿€±∏√ª,º≠øÔ∆Ø∫∞Ω√ µø¿€±∏ ªÁ¥Á∑Œ16æ∆±Ê 59,,ª˝»∞πÊπ¸,4,,,,,02-820-2906,37.48089697,126.9686505,2020/03/24
º≠øÔ∆Ø∫∞Ω√µø¿€±∏√ª,º≠øÔ∆Ø∫∞Ω√ µø¿€±∏ ªÁ¥Á∑Œ2±Ê 40,,ª˝»∞πÊπ¸,3,,,,,02-820-2906,37.4919166,126.9634127,2020/03/24
º≠øÔ∆Ø∫∞Ω√µø¿€±∏√ª,º≠øÔ∆Ø∫∞Ω√ µø¿€±∏ ªÁ¥Á∑Œ10±Ê 93(ªÁ¥Áµø 239-7),,ª˝»∞πÊπ¸,3,,,,,02-820-2906,37.48214721,126.9673068,2020/03/24
º≠øÔ∆Ø∫∞Ω√µø¿€±∏√ª,º≠øÔ∆Ø∫∞Ω√ µø¿€±∏ ªÁ¥Á∑Œ2¬˜±Ê 15-9(ªÁ¥Áµø 202-2),,ª˝»∞πÊπ¸,4,,,,,02-820-2906,37.4877943,126.9657846,2020/03/24
º≠øÔ∆Ø∫∞Ω√µø¿€±∏√ª,º≠øÔ∆Ø∫∞Ω√ µø¿€±∏ ø©¿«¥ÎπÊ∑Œ22∞°±Ê 25-1(Ω≈¥ÎπÊ2µø 365-1),,ª˝»∞πÊπ¸,3,,,,,02-820-2906,37.49674679,126.9208814,2020/03/24
º≠øÔ∆Ø∫∞Ω√µø¿€±∏√ª,º≠øÔ∆Ø∫∞Ω√ µø¿€±∏ ø©¿«¥ÎπÊ∑Œ22πŸ±Ê 36(Ω≈¥ÎπÊ2µø 360-81),,ª˝»∞πÊπ¸,3,,,,,02-820-2906,37.49639543,126.9236727,2020/03/24
º≠øÔ∆Ø∫∞Ω√µø¿€±∏√ª,º≠øÔ∆Ø∫∞Ω√ µø¿€±∏ ∏∏æÁ∑Œ14æ∆±Ê 7(≥Î∑Æ¡¯1µø 204-1),,ª˝»∞πÊπ¸,4,,,,,02-820-2906,37.51215803,126.9475767,2020/03/24
º≠øÔ∆Ø∫∞Ω√µø¿€±∏√ª,º≠øÔ∆Ø∫∞Ω√ µø¿€±∏ ¿ÂΩ¬πË±‚∑Œ21±Ê18(≥Î∑Æ¡¯2µø 305-16),,ª˝»∞πÊπ¸,4,,,,,02-820-2906,37.50898957,126.9389605,2020/03/24
º≠øÔ∆Ø∫∞Ω√µø¿€±∏√ª,º≠øÔ∆Ø∫∞Ω√ µø¿€±∏ ªÛµµ∑Œ22±Ê 9(ªÛµµ2µø 184-171),,ª˝»∞πÊπ¸,4,,,,,02-820-2906,37.50287957,126.9367081,2020/03/24
º≠øÔ∆Ø∫∞Ω√µø¿€±∏√ª,º≠øÔ∆Ø∫∞Ω√ µø¿€±∏ ±πªÁ∫¿10±Ê 72-4(ªÛµµ3µø 301-55),,ª˝»∞πÊπ¸,4,,,,,02-820-2906,37.49318229,126.9322926,2020/03/24
º≠øÔ∆Ø∫∞Ω√µø¿€±∏√ª,º≠øÔ∆Ø∫∞Ω√ µø¿€±∏ º∫¥Î∑Œ11∞°±Ê 16(ªÛµµ4µø 264-241),,ª˝»∞πÊπ¸,4,,,,,02-820-2906,37.49797035,126.9357126,2020/03/24
º≠øÔ∆Ø∫∞Ω√µø¿€±∏√ª,º≠øÔ∆Ø∫∞Ω√ µø¿€±∏ »ÊºÆ∑Œ9±Ê 41(»ÊºÆµø 199-6),,ª˝»∞πÊπ¸,4,,,,,02-820-2906,37.50803912,126.9577633,2020/03/24
º≠øÔ∆Ø∫∞Ω√µø¿€±∏√ª,º≠øÔ∆Ø∫∞Ω√ µø¿€±∏ «ˆ√Ê∑Œ10±Ê 56(»ÊºÆµø 292),,ª˝»∞πÊπ¸,4,,,,,02-820-2906,37.50443816,126.9674464,2020/03/24
º≠øÔ∆Ø∫∞Ω√µø¿€±∏√ª,º≠øÔ∆Ø∫∞Ω√ µø¿€±∏ µø¿€¥Î∑Œ21±Ê 16(ªÁ¥Á1µø 1006-12),,ª˝»∞πÊπ¸,5,,,,,02-820-2906,37.48393058,126.9808829,2020/03/24
º≠øÔ∆Ø∫∞Ω√µø¿€±∏√ª,º≠øÔ∆Ø∫∞Ω√ µø¿€±∏ µø¿€¥Î∑Œ9¥Ÿ±Ê 23(ªÁ¥Á1µø 1025-14),,ª˝»∞πÊπ¸,5,,,,,02-820-2906,37.47970244,126.9774696,2020/03/24
º≠øÔ∆Ø∫∞Ω√µø¿€±∏√ª,º≠øÔ∆Ø∫∞Ω√ µø¿€±∏ ≥≤∫Œº¯»Ø∑Œ269±Ê 27(ªÁ¥Á1µø 1046-25),,ª˝»∞πÊπ¸,4,,,,,02-820-2906,37.47770223,126.9776149,2020/03/24
º≠øÔ∆Ø∫∞Ω√µø¿€±∏√ª,º≠øÔ∆Ø∫∞Ω√ µø¿€±∏ µø¿€¥Î∑Œ29¥Ÿ±Ê 7-5(ªÁ¥Á2µø 91-158),,ª˝»∞πÊπ¸,4,,,,,02-820-2906,37.48844273,126.9802983,2020/03/24
º≠øÔ∆Ø∫∞Ω√µø¿€±∏√ª,º≠øÔ∆Ø∫∞Ω√ µø¿€±∏ µø¿€¥Î∑Œ33πŸ±Ê 41(ªÁ¥Á2µø 59-4),,ª˝»∞πÊπ¸,4,,,,,02-820-2906,37.49203172,126.9768372,2020/03/24
º≠øÔ∆Ø∫∞Ω√µø¿€±∏√ª,º≠øÔ∆Ø∫∞Ω√ µø¿€±∏ ªÁ¥Á∑Œ29∞°±Ê 31-1(ªÁ¥Á3µø 141-66),,ª˝»∞πÊπ¸,4,,,,,02-820-2906,37.48639188,126.9793852,2020/03/24
º≠øÔ∆Ø∫∞Ω√µø¿€±∏√ª,º≠øÔ∆Ø∫∞Ω√ µø¿€±∏ ªÁ¥Á∑Œ16±Ê 30(ªÁ¥Áµø 274-24),,ª˝»∞πÊπ¸,4,,,,,02-820-2906,37.48234682,126.9728061,2020/03/24
º≠øÔ∆Ø∫∞Ω√µø¿€±∏√ª,º≠øÔ∆Ø∫∞Ω√ µø¿€±∏ ªÁ¥Á∑Œ10∞°±Ê 22(ªÁ¥Á5µø 241-42),,ª˝»∞πÊπ¸,3,,,,,02-820-2906,37.48253654,126.9676729,2020/03/24
º≠øÔ∆Ø∫∞Ω√µø¿€±∏√ª,º≠øÔ∆Ø∫∞Ω√ µø¿€±∏ ∫∏∂Û∏≈∑Œ15±Ê 16(Ω≈¥ÎπÊ2µø 360-137),,ª˝»∞πÊπ¸,3,,,,,02-820-2906,37.49724799,126.9268473,2020/03/24
º≠øÔ∆Ø∫∞Ω√µø¿€±∏√ª,º≠øÔ∆Ø∫∞Ω√ µø¿€±∏ º∫¥Î∑Œ6∞°±Ê 71(ªÛµµ3µø 290-55),,ª˝»∞πÊπ¸,3,,,,,02-820-2906,37.49626114,126.934072,2020/03/24
º≠øÔ∆Ø∫∞Ω√µø¿€±∏√ª,º≠øÔ∆Ø∫∞Ω√ µø¿€±∏ º∫¥Î∑Œ16±Ê 16(ªÛµµ4µø 264-151),,ª˝»∞πÊπ¸,4,,,,,02-820-2906,37.4974592,126.9368755,2020/03/24
º≠øÔ∆Ø∫∞Ω√µø¿€±∏√ª,º≠øÔ∆Ø∫∞Ω√ µø¿€±∏ ≥Î∑Æ¡¯∑Œ14±Ê 8(≥Î∑Æ¡¯µø 58-1),,ª˝»∞πÊπ¸,4,,,,,02-820-2906,37.51309605,126.9419523,2020/03/24
º≠øÔ∆Ø∫∞Ω√µø¿€±∏√ª,º≠øÔ∆Ø∫∞Ω√ µø¿€±∏ ≥Î∑Æ¡¯∑Œ8≥™±Ê 15(≥Î∑Æ¡¯µø 258-4),,ª˝»∞πÊπ¸,3,,,,,02-820-2906,37.51186101,126.9371303,2020/03/24
º≠øÔ∆Ø∫∞Ω√µø¿€±∏√ª,º≠øÔ∆Ø∫∞Ω√ µø¿€±∏ ªÛµµ∑Œ47ªÁ±Ê 4(ªÛµµµø 53-8),,ª˝»∞πÊπ¸,4,,,,,02-820-2906,37.50322608,126.9533282,2020/03/24
º≠øÔ∆Ø∫∞Ω√µø¿€±∏√ª,º≠øÔ∆Ø∫∞Ω√ µø¿€±∏ ªÛµµ∑Œ 162(ªÛµµµø 185-1),,ª˝»∞πÊπ¸,4,,,,,02-820-2906,37.50357905,126.937273,2020/03/24
º≠øÔ∆Ø∫∞Ω√µø¿€±∏√ª,º≠øÔ∆Ø∫∞Ω√ µø¿€±∏ ªÛµµ∑Œ12±Ê 5(ªÛµµµø 324-23),,ª˝»∞πÊπ¸,4,,,,,02-820-2906,37.49929346,126.9301248,2020/03/24
º≠øÔ∆Ø∫∞Ω√µø¿€±∏√ª,º≠øÔ∆Ø∫∞Ω√ µø¿€±∏ º≠¥ﬁ∑Œ14≥™±Ê 24-5(»ÊºÆµø 54-161),,ª˝»∞πÊπ¸,4,,,,,02-820-2906,37.50721912,126.9628714,2020/03/24
º≠øÔ∆Ø∫∞Ω√µø¿€±∏√ª,º≠øÔ∆Ø∫∞Ω√ µø¿€±∏ ≥≤∫Œº¯»Ø∑Œ269±Ê 48(ªÁ¥Áµø 419-121),,ª˝»∞πÊπ¸,5,,,,,02-820-2906,37.47834361,126.9768731,2020/03/24
º≠øÔ∆Ø∫∞Ω√µø¿€±∏√ª,º≠øÔ∆Ø∫∞Ω√ µø¿€±∏ µø¿€¥Î∑Œ27∞°±Ê 45(ªÁ¥Áµø 147-75),,ª˝»∞πÊπ¸,4,,,,,02-820-2906,37.48554163,126.9811719,2020/03/24
º≠øÔ∆Ø∫∞Ω√µø¿€±∏√ª,º≠øÔ∆Ø∫∞Ω√ µø¿€±∏ ªÁ¥Á∑Œ17≥™±Ê 8(ªÁ¥Áµø 257-22),,ª˝»∞πÊπ¸,4,,,,,02-820-2906,37.48427507,126.9731898,2020/03/24
º≠øÔ∆Ø∫∞Ω√µø¿€±∏√ª,º≠øÔ∆Ø∫∞Ω√ µø¿€±∏ ªÁ¥Á∑Œ16∞°±Ê 56(ªÁ¥Áµø 249-38),,ª˝»∞πÊπ¸,5,,,,,02-820-2906,37.48390323,126.9705804,2020/03/24
º≠øÔ∆Ø∫∞Ω√µø¿€±∏√ª,º≠øÔ∆Ø∫∞Ω√ µø¿€±∏ ªÁ¥Á∑Œ16¥Ÿ±Ê 92(ªÁ¥Áµø 231-12),,ª˝»∞πÊπ¸,4,,,,,02-820-2906,37.4844217,126.9685993,2020/03/24
º≠øÔ∆Ø∫∞Ω√µø¿€±∏√ª,º≠øÔ∆Ø∫∞Ω√ µø¿€±∏ ¥ÎπÊµø±Ê 15-1(¥ÎπÊµø 391-549),,ª˝»∞πÊπ¸,4,,,,,02-820-2906,37.50111551,126.9274994,2020/03/24
º≠øÔ∆Ø∫∞Ω√µø¿€±∏√ª,º≠øÔ∆Ø∫∞Ω√ µø¿€±∏ º∫¥Î∑Œ5±Ê 12(ªÛµµµø 251-8),,ª˝»∞πÊπ¸,4,,,,,02-820-2906,37.4996235,126.9337298,2020/03/24
º≠øÔ∆Ø∫∞Ω√µø¿€±∏√ª,º≠øÔ∆Ø∫∞Ω√ µø¿€±∏ Ω≈¥ÎπÊ±Ê 32(Ω≈¥ÎπÊµø 617-9),,ª˝»∞πÊπ¸,4,,,,,02-820-2906,37.48815846,126.9108588,2020/03/24
º≠øÔ∆Ø∫∞Ω√µø¿€±∏√ª,º≠øÔ∆Ø∫∞Ω√ µø¿€±∏ ¿ÂΩ¬πË±‚∑Œ94(≥Î∑Æ¡¯µø 310-150),,ª˝»∞πÊπ¸,4,,,,,02-820-2906,37.50595578,126.9405328,2020/03/24
º≠øÔ∆Ø∫∞Ω√µø¿€±∏√ª,º≠øÔ∆Ø∫∞Ω√ µø¿€±∏ ¿ÂΩ¬πË±‚∑Œ27±Ê27(≥Î∑Æ¡¯µø 242-11),,ª˝»∞πÊπ¸,4,,,,,02-820-2906,37.51128912,126.9393205,2020/03/24
º≠øÔ∆Ø∫∞Ω√µø¿€±∏√ª,º≠øÔ∆Ø∫∞Ω√ µø¿€±∏ ªÛµµ∑Œ37±Ê 7(ªÛµµ1µø 668),,ª˝»∞πÊπ¸,4,,,,,02-820-2906,37.50294671,126.9488272,2020/03/24
º≠øÔ∆Ø∫∞Ω√µø¿€±∏√ª,º≠øÔ∆Ø∫∞Ω√ µø¿€±∏ ªÛµµ∑Œ13∂Û±Ê22(ªÛµµµø 335-5),,ª˝»∞πÊπ¸,3,,,,,02-820-2906,37.50311409,126.9307546,2020/03/24
º≠øÔ∆Ø∫∞Ω√µø¿€±∏√ª,º≠øÔ∆Ø∫∞Ω√ µø¿€±∏ ªÛµµ∑Œ15±Ê54(ªÛµµµø 357-15),,ª˝»∞πÊπ¸,4,,,,,02-820-2906,37.50282078,126.9346408,2020/03/24
º≠øÔ∆Ø∫∞Ω√µø¿€±∏√ª,º≠øÔ∆Ø∫∞Ω√ µø¿€±∏ º∫¥Î∑Œ12±Ê57(ªÛµµµø 279-47),,ª˝»∞πÊπ¸,5,,,,,02-820-2906,37.49566108,126.9374153,2020/03/24
º≠øÔ∆Ø∫∞Ω√µø¿€±∏√ª,º≠øÔ∆Ø∫∞Ω√ µø¿€±∏ º≠¥ﬁ∑Œ13±Ê5-30(»ÊºÆµø 102-30),,ª˝»∞πÊπ¸,3,,,,,02-820-2906,37.50769084,126.9616089,2020/03/24
º≠øÔ∆Ø∫∞Ω√µø¿€±∏√ª,º≠øÔ∆Ø∫∞Ω√ µø¿€±∏ ¿ÂΩ¬πË±‚∑Œ17±Ê 31(≥Î∑Æ¡¯µø 315-13),,ª˝»∞πÊπ¸,4,,,,,02-820-2906,37.50658181,126.9384377,2020/03/24
º≠øÔ∆Ø∫∞Ω√µø¿€±∏√ª,º≠øÔ∆Ø∫∞Ω√ µø¿€±∏ ≥≤∫Œº¯»Ø∑Œ255±Ê 7(ªÁ¥Áµø 1052-1),,ª˝»∞πÊπ¸,4,,,,,02-820-2906,37.47619792,126.9710447,2020/03/24
º≠øÔ∆Ø∫∞Ω√µø¿€±∏√ª,º≠øÔ∆Ø∫∞Ω√ µø¿€±∏ µø¿€¥Î∑Œ33∞°±Ê 5(ªÁ¥Áµø 83-2),,ª˝»∞πÊπ¸,5,,,,,02-820-2906,37.48972598,126.9816458,2020/03/24
º≠øÔ∆Ø∫∞Ω√µø¿€±∏√ª,º≠øÔ∆Ø∫∞Ω√ µø¿€±∏ ø©¿«¥ÎπÊ∑Œ26±Ê54(¥ÎπÊµø 411-29),,ª˝»∞πÊπ¸,4,,,,,02-820-2906,37.4991523,126.9233487,2020/03/24
º≠øÔ∆Ø∫∞Ω√µø¿€±∏√ª,º≠øÔ∆Ø∫∞Ω√ µø¿€±∏ Ω≈¥ÎπÊ±Ê62(Ω≈¥ÎπÊµø 604-15),,ª˝»∞πÊπ¸,4,,,,,02-820-2906,37.48855407,126.9097592,2020/03/24
º≠øÔ∆Ø∫∞Ω√µø¿€±∏√ª,º≠øÔ∆Ø∫∞Ω√ µø¿€±∏ º∫¥Î∑Œ 1±Ê 26,,ª˝»∞πÊπ¸,4,,,,,02-820-2906,37.50185144,126.9349085,2020/03/24
º≠øÔ∆Ø∫∞Ω√µø¿€±∏√ª,º≠øÔ∆Ø∫∞Ω√ µø¿€±∏ º∫¥Î∑Œ 21¥Ÿ±Ê 34,,ª˝»∞πÊπ¸,3,,,,,02-820-2906,37.50074147,126.9350226,2020/03/24
º≠øÔ∆Ø∫∞Ω√µø¿€±∏√ª,º≠øÔ∆Ø∫∞Ω√ µø¿€±∏ º∫¥Î∑Œ 17±Ê 52,,ª˝»∞πÊπ¸,4,,,,,02-820-2906,37.500158,126.935159,2020/03/24
º≠øÔ∆Ø∫∞Ω√µø¿€±∏√ª,º≠øÔ∆Ø∫∞Ω√ µø¿€±∏ º∫¥Î∑Œ 11±Ê 22,,ª˝»∞πÊπ¸,4,,,,,02-820-2906,37.49855013,126.9348662,2020/03/24
º≠øÔ∆Ø∫∞Ω√µø¿€±∏√ª,º≠øÔ∆Ø∫∞Ω√ µø¿€±∏ º∫¥Î∑Œ 37±Ê 27,,ª˝»∞πÊπ¸,4,,,,,02-820-2906,37.50040517,126.9397093,2020/03/24
º≠øÔ∆Ø∫∞Ω√µø¿€±∏√ª,º≠øÔ∆Ø∫∞Ω√ µø¿€±∏ æÁ≥Á∑Œ 25±Ê 52-18,,ª˝»∞πÊπ¸,4,,,,,02-820-2906,37.496874,126.940733,2020/03/24
º≠øÔ∆Ø∫∞Ω√µø¿€±∏√ª,º≠øÔ∆Ø∫∞Ω√ µø¿€±∏ æÁ≥Á∑Œ 25∞°±Ê 23,,ª˝»∞πÊπ¸,4,,,,,02-820-2906,37.49892156,126.9421985,2020/03/24
º≠øÔ∆Ø∫∞Ω√µø¿€±∏√ª,º≠øÔ∆Ø∫∞Ω√ µø¿€±∏ æÁ≥Á∑Œ 26±Ê 68,,ª˝»∞πÊπ¸,5,,,,,02-820-2906,37.49562805,126.9433725,2020/03/24
º≠øÔ∆Ø∫∞Ω√µø¿€±∏√ª,º≠øÔ∆Ø∫∞Ω√ µø¿€±∏ º∫¥Î∑Œ 29±Ê 10,,ª˝»∞πÊπ¸,3,,,,,02-820-2906,37.49945384,126.9399589,2020/03/24
º≠øÔ∆Ø∫∞Ω√µø¿€±∏√ª,º≠øÔ∆Ø∫∞Ω√ µø¿€±∏ æÁ≥Á∑Œ 22πŸ±Ê 37,,ª˝»∞πÊπ¸,4,,,,,02-820-2906,37.49655233,126.9469272,2020/03/24
º≠øÔ∆Ø∫∞Ω√µø¿€±∏√ª,º≠øÔ∆Ø∫∞Ω√ µø¿€±∏ ¿ÂΩ¬πË±‚∑Œ10∞°±Ê 65(ªÛµµ2µø 175-29),,ª˝»∞πÊπ¸,4,,,,,02-820-2906,37.50210697,126.9411013,2020/03/24
º≠øÔ∆Ø∫∞Ω√µø¿€±∏√ª,º≠øÔ∆Ø∫∞Ω√ µø¿€±∏ »ÊºÆ∑Œ11±Ê 7(»ÊºÆµø 188-14),,ª˝»∞πÊπ¸,4,,,,,02-820-2906,37.50791744,126.9602244,2020/03/24
º≠øÔ∆Ø∫∞Ω√µø¿€±∏√ª,º≠øÔ∆Ø∫∞Ω√ µø¿€±∏ Ω≈¥ÎπÊ16±Ê 35(Ω≈¥ÎπÊµø 587-4),,ª˝»∞πÊπ¸,4,,,,,02-820-2906,37.49095381,126.9090462,2020/03/24
º≠øÔ∆Ø∫∞Ω√µø¿€±∏√ª,º≠øÔ∆Ø∫∞Ω√ µø¿€±∏ ø©¿«¥ÎπÊ∑Œ22πŸ±Ê 15(Ω≈¥ÎπÊ1µø 360-83),,ª˝»∞πÊπ¸,4,,,,,02-820-2906,37.49683844,126.923229,2020/03/24
º≠øÔ∆Ø∫∞Ω√µø¿€±∏√ª,º≠øÔ∆Ø∫∞Ω√ µø¿€±∏ ∏∏æÁ∑Œ18±Ê 27(≥Î∑Æ¡¯1µø 148-53),,ª˝»∞πÊπ¸,3,,,,,02-820-2906,37.51307629,126.9458794,2020/03/24
º≠øÔ∆Ø∫∞Ω√µø¿€±∏√ª,º≠øÔ∆Ø∫∞Ω√ µø¿€±∏ ≥Î∑Æ¡¯∑Œ10±Ê 75(≥Î∑Æ¡¯2µø 249-61),,ª˝»∞πÊπ¸,4,,,,,02-820-2906,37.51004148,126.9380684,2020/03/24
º≠øÔ∆Ø∫∞Ω√µø¿€±∏√ª,º≠øÔ∆Ø∫∞Ω√ µø¿€±∏ ªÛµµ∑Œ 348(ªÛµµ1µø 475),,ª˝»∞πÊπ¸,5,,,,,02-820-2906,37.49722862,126.9524046,2020/03/24
º≠øÔ∆Ø∫∞Ω√µø¿€±∏√ª,º≠øÔ∆Ø∫∞Ω√ µø¿€±∏ ªÛµµ∑Œ13±Ê 2(ªÛµµ3µø 327-13),,ª˝»∞πÊπ¸,4,,,,,02-820-2906,37.50005057,126.930572,2020/03/24
º≠øÔ∆Ø∫∞Ω√µø¿€±∏√ª,º≠øÔ∆Ø∫∞Ω√ µø¿€±∏ »ÊºÆ∑Œ7±Ê 25(»ÊºÆµø 203-7),,ª˝»∞πÊπ¸,4,,,,,02-820-2906,37.50784798,126.957406,2020/03/24
º≠øÔ∆Ø∫∞Ω√µø¿€±∏√ª,º≠øÔ∆Ø∫∞Ω√ µø¿€±∏ µø¿€¥Î∑Œ 9≥™±Ê 17(ªÁ¥Á1µø 1034-11),,ª˝»∞πÊπ¸,4,,,,,02-820-2906,37.47929891,126.9781164,2020/03/24
º≠øÔ∆Ø∫∞Ω√µø¿€±∏√ª,º≠øÔ∆Ø∫∞Ω√ µø¿€±∏ µø¿€¥Î∑Œ33∂Û±Ê 14(ªÁ¥Á2µø 91-57,,ª˝»∞πÊπ¸,6,,,,,02-820-2906,37.48990582,126.9794566,2020/03/24
º≠øÔ∆Ø∫∞Ω√µø¿€±∏√ª,º≠øÔ∆Ø∫∞Ω√ µø¿€±∏ ∫∏∂Û∏≈∑Œ 110(¥ÎπÊµø 406-8),,ª˝»∞πÊπ¸,4,,,,,02-820-2906,37.49909785,126.9284649,2020/03/24
º≠øÔ∆Ø∫∞Ω√µø¿€±∏√ª,º≠øÔ∆Ø∫∞Ω√ µø¿€±∏ Ω≈¥ÎπÊ16∞°±Ê 44(Ω≈¥ÎπÊ1µø 599-32),,ª˝»∞πÊπ¸,3,,,,,02-820-2906,37.4901739,126.9119057,2020/03/24
º≠øÔ∆Ø∫∞Ω√µø¿€±∏√ª,º≠øÔ∆Ø∫∞Ω√ µø¿€±∏ ¥Î∏≤∑Œ 19(Ω≈¥ÎπÊ1µø 693-15),,ª˝»∞πÊπ¸,4,,,,,02-820-2906,37.48702334,126.9110546,2020/03/24
º≠øÔ∆Ø∫∞Ω√µø¿€±∏√ª,º≠øÔ∆Ø∫∞Ω√ µø¿€±∏ ∏∏æÁ∑Œ16±Ê 23(≥Î∑Æ¡¯µø 119-168),,ª˝»∞πÊπ¸,3,,,,,02-820-2906,37.51205233,126.9449798,2020/03/24
º≠øÔ∆Ø∫∞Ω√µø¿€±∏√ª,º≠øÔ∆Ø∫∞Ω√ µø¿€±∏ æÁ≥Á∑Œ23±Ê 125(ªÛµµ3µø 279-451),,ª˝»∞πÊπ¸,5,,,,,02-820-2906,37.49490388,126.936751,2020/03/24
º≠øÔ∆Ø∫∞Ω√µø¿€±∏√ª,º≠øÔ∆Ø∫∞Ω√ µø¿€±∏ º∫¥Î∑Œ1±Ê 16(ªÛµµ4µø 246-2),,ª˝»∞πÊπ¸,3,,,,,02-820-2906,37.50084174,126.933878,2020/03/24
º≠øÔ∆Ø∫∞Ω√µø¿€±∏√ª,º≠øÔ∆Ø∫∞Ω√ µø¿€±∏ »ÊºÆ∑Œ6±Ê 50(»ÊºÆµø 211-9),,ª˝»∞πÊπ¸,4,,,,,02-820-2906,37.50574246,126.9553307,2020/03/24
º≠øÔ∆Ø∫∞Ω√µø¿€±∏√ª,º≠øÔ∆Ø∫∞Ω√ µø¿€±∏ µø¿€¥Î∑Œ 129(ªÁ¥Á2µø 86-9),,ª˝»∞πÊπ¸,4,,,,,02-820-2906,37.48829161,126.9818813,2020/03/24
º≠øÔ∆Ø∫∞Ω√µø¿€±∏√ª,º≠øÔ∆Ø∫∞Ω√ µø¿€±∏ ªÁ¥Á∑Œ25±Ê 12(ªÁ¥Á3µø 156-18),,ª˝»∞πÊπ¸,3,,,,,02-820-2906,37.48470128,126.9776897,2020/03/24
º≠øÔ∆Ø∫∞Ω√µø¿€±∏√ª,º≠øÔ∆Ø∫∞Ω√ µø¿€±∏ ø©¿«¥ÎπÊ∑Œ36±Ê 25(¥ÎπÊµø 383-1),,ª˝»∞πÊπ¸,5,,,,,02-820-2906,37.50555348,126.9240162,2020/03/24
º≠øÔ∆Ø∫∞Ω√µø¿€±∏√ª,º≠øÔ∆Ø∫∞Ω√ µø¿€±∏ µÓøÎ∑Œ 10≥™±Ê 26(¥ÎπÊµø 44-121),,ª˝»∞πÊπ¸,3,,,,,02-820-2906,37.510256,126.9348696,2020/03/24
º≠øÔ∆Ø∫∞Ω√µø¿€±∏√ª,º≠øÔ∆Ø∫∞Ω√ µø¿€±∏ ø©¿«¥ÎπÊ∑Œ2±Ê 31(Ω≈¥ÎπÊ1µø 492-182),,ª˝»∞πÊπ¸,3,,,,,02-820-2906,37.49365305,126.9136204,2020/03/24
º≠øÔ∆Ø∫∞Ω√µø¿€±∏√ª,º≠øÔ∆Ø∫∞Ω√ µø¿€±∏ ªÛµµ∑Œ41∞°±Ê 16(ªÛµµ1µø 659),,ª˝»∞πÊπ¸,3,,,,,02-820-2906,37.50342675,126.9504962,2020/03/24
º≠øÔ∆Ø∫∞Ω√µø¿€±∏√ª,º≠øÔ∆Ø∫∞Ω√ µø¿€±∏ ¿ÂΩ¬πË±‚∑Œ9¥Ÿ±Ê 11(ªÛµµµø 184-104),,ª˝»∞πÊπ¸,4,,,,,02-820-2906,37.50233993,126.9385316,2020/03/24
º≠øÔ∆Ø∫∞Ω√µø¿€±∏√ª,º≠øÔ∆Ø∫∞Ω√ µø¿€±∏ ∏∏æÁ∑Œ16±Ê 23(ªÛµµ3µø 335-99),,ª˝»∞πÊπ¸,2,,,,,02-820-2906,37.51205233,126.9449798,2020/03/24
º≠øÔ∆Ø∫∞Ω√µø¿€±∏√ª,º≠øÔ∆Ø∫∞Ω√ µø¿€±∏ ±πªÁ∫¿1∂Û±Ê 4(ªÛµµ3µø 377-1),,ª˝»∞πÊπ¸,4,,,,,02-820-2906,37.49435188,126.9356659,2020/03/24
º≠øÔ∆Ø∫∞Ω√µø¿€±∏√ª,º≠øÔ∆Ø∫∞Ω√ µø¿€±∏ «ˆ√Ê∑Œ14≥™±Ê 10(»ÊºÆµø 279-3),,ª˝»∞πÊπ¸,2,,,,,02-820-2906,37.50482447,126.9699886,2020/03/24
º≠øÔ∆Ø∫∞Ω√µø¿€±∏√ª,º≠øÔ∆Ø∫∞Ω√ µø¿€±∏ µø¿€¥Î∑Œ33πŸ±Ê 20(ªÁ¥Á2µø 64-85),,ª˝»∞πÊπ¸,2,,,,,02-820-2906,37.49165352,126.9780404,2020/03/24
º≠øÔ∆Ø∫∞Ω√µø¿€±∏√ª,º≠øÔ∆Ø∫∞Ω√ µø¿€±∏ ªÁ¥Á∑Œ16±Ê 156(ªÁ¥Á4µø 303-52),,ª˝»∞πÊπ¸,4,,,,,02-820-2906,37.47785535,126.9693527,2020/03/24
º≠øÔ∆Ø∫∞Ω√µø¿€±∏√ª,º≠øÔ∆Ø∫∞Ω√ µø¿€±∏ ªÁ¥Á∑Œ10±Ê 28(ªÁ¥Á5µø 245-1),,ª˝»∞πÊπ¸,3,,,,,02-820-2906,37.4839786,126.9693412,2020/03/24
º≠øÔ∆Ø∫∞Ω√µø¿€±∏√ª,º≠øÔ∆Ø∫∞Ω√ µø¿€±∏ ¥ÎπÊµø2±Ê 43(¥ÎπÊµø 392-19),,ª˝»∞πÊπ¸,3,,,,,02-820-2906,37.50273694,126.9268736,2020/03/24
º≠øÔ∆Ø∫∞Ω√µø¿€±∏√ª,º≠øÔ∆Ø∫∞Ω√ µø¿€±∏ º∫¥Î∑Œ12∞°±Ê 6(ªÛµµ4µø 279-17),,ª˝»∞πÊπ¸,4,,,,,02-820-2906,37.49676707,126.9365685,2020/03/24
º≠øÔ∆Ø∫∞Ω√µø¿€±∏√ª,º≠øÔ∆Ø∫∞Ω√ µø¿€±∏ ø©¿«¥ÎπÊ∑Œ36±Ê 79(¥ÎπÊµø 15-46),,ª˝»∞πÊπ¸,3,,,,,02-820-2906,37.50736234,126.9292442,2020/03/24
º≠øÔ∆Ø∫∞Ω√µø¿€±∏√ª,º≠øÔ∆Ø∫∞Ω√ µø¿€±∏ ªÛµµ∑Œ38±Ê 3-42(ªÛµµµø 159-305),,ª˝»∞πÊπ¸,3,,,,,02-820-2906,37.50062586,126.9491635,2020/03/24
º≠øÔ∆Ø∫∞Ω√µø¿€±∏√ª,,º≠øÔ∆Ø∫∞Ω√ µø¿€±∏ ¥ÎπÊµø 23-176,ª˝»∞πÊπ¸,5,,,,,02-820-2906,37.51085484,126.9295893,2020/03/24
º≠øÔ∆Ø∫∞Ω√µø¿€±∏√ª,,º≠øÔ∆Ø∫∞Ω√ µø¿€±∏ ¥ÎπÊµø 23-181,ª˝»∞πÊπ¸,2,,,,,02-820-2906,37.50485442,126.9300428,2020/03/24
º≠øÔ∆Ø∫∞Ω√µø¿€±∏√ª,,º≠øÔ∆Ø∫∞Ω√ µø¿€±∏ ≥Î∑Æ¡¯1µø 152-3,ª˝»∞πÊπ¸,3,,,,,02-820-2906,37.513481,126.949172,2020/03/24
º≠øÔ∆Ø∫∞Ω√µø¿€±∏√ª,,º≠øÔ∆Ø∫∞Ω√ µø¿€±∏ »ÊºÆµø 141-2,ª˝»∞πÊπ¸,6,,,,,02-820-2906,37.51066813,126.9627656,2020/03/24
º≠øÔ∆Ø∫∞Ω√µø¿€±∏√ª,,º≠øÔ∆Ø∫∞Ω√ µø¿€±∏ ªÁ¥Á2µø 326,ª˝»∞πÊπ¸,4,,,,,02-820-2906,37.502832,126.978479,2020/03/24
º≠øÔ∆Ø∫∞Ω√µø¿€±∏√ª,,º≠øÔ∆Ø∫∞Ω√ µø¿€±∏ ¥ÎπÊµø 466-75,ª˝»∞πÊπ¸,4,,,,,02-820-2906,37.498183,126.921951,2020/03/24
º≠øÔ∆Ø∫∞Ω√µø¿€±∏√ª,,º≠øÔ∆Ø∫∞Ω√ µø¿€±∏ ªÁ¥Á4µø 300-26,ª˝»∞πÊπ¸,1,,,,,02-820-2906,37.480192,126.969925,2020/03/24
º≠øÔ∆Ø∫∞Ω√µø¿€±∏√ª,,º≠øÔ∆Ø∫∞Ω√ µø¿€±∏ ªÛµµ4µø 211-415,ª˝»∞πÊπ¸,1,,,,,02-820-2906,37.498835,126.944981,2020/03/24
º≠øÔ∆Ø∫∞Ω√µø¿€±∏√ª,,º≠øÔ∆Ø∫∞Ω√ µø¿€±∏ ≥Î∑Æ¡¯1µø 483,ª˝»∞πÊπ¸,4,,,,,02-820-2906,37.510694,126.954264,2020/03/24
º≠øÔ∆Ø∫∞Ω√µø¿€±∏√ª,,º≠øÔ∆Ø∫∞Ω√ µø¿€±∏ ªÛµµ3µø 335-141,ª˝»∞πÊπ¸,1,,,,,02-820-2906,37.500643,126.930222,2020/03/24
º≠øÔ∆Ø∫∞Ω√µø¿€±∏√ª,,º≠øÔ∆Ø∫∞Ω√ µø¿€±∏ Ω≈¥ÎπÊ1µø 492-222,ª˝»∞πÊπ¸,2,,,,,02-820-2906,37.494448,126.912491,2020/03/24
º≠øÔ∆Ø∫∞Ω√µø¿€±∏√ª,,º≠øÔ∆Ø∫∞Ω√ µø¿€±∏ ªÛµµ4µø ªÍ65-150,ª˝»∞πÊπ¸,1,,,,,02-820-2906,37.496129,126.939241,2020/03/24
º≠øÔ∆Ø∫∞Ω√µø¿€±∏√ª,,º≠øÔ∆Ø∫∞Ω√ µø¿€±∏ ªÁ¥Á2µø ªÍ20-4,ª˝»∞πÊπ¸,2,,,,,02-820-2906,37.496589,126.978767,2020/03/24
º≠øÔ∆Ø∫∞Ω√µø¿€±∏√ª,º≠øÔ∆Ø∫∞Ω√ µø¿€±∏ ªÛµµ∑Œ68±Ê 29(ªÛµµ1µø 126-18),,ª˝»∞πÊπ¸,4,,,,,02-820-2906,37.49237166,126.9556689,2020/03/24
º≠øÔ∆Ø∫∞Ω√µø¿€±∏√ª,,º≠øÔ∆Ø∫∞Ω√ µø¿€±∏ ªÛµµ1µø 508,ª˝»∞πÊπ¸,2,,,,,02-820-2906,37.506938,126.951721,2020/03/24
º≠øÔ∆Ø∫∞Ω√µø¿€±∏√ª,,º≠øÔ∆Ø∫∞Ω√ µø¿€±∏ ªÛµµ2µø 521-1,ª˝»∞πÊπ¸,1,,,,,02-820-2906,37.503157,126.942867,2020/03/24
º≠øÔ∆Ø∫∞Ω√µø¿€±∏√ª,,º≠øÔ∆Ø∫∞Ω√ µø¿€±∏ ªÁ¥Á4µø 316-23,ª˝»∞πÊπ¸,2,,,,,02-820-2906,37.481829,126.973922,2020/03/24
º≠øÔ∆Ø∫∞Ω√µø¿€±∏√ª,,º≠øÔ∆Ø∫∞Ω√ µø¿€±∏ ªÛµµ1µø ªÍ58,ª˝»∞πÊπ¸,1,,,,,02-820-2906,37.493729,126.952993,2020/03/24
º≠øÔ∆Ø∫∞Ω√µø¿€±∏√ª,,º≠øÔ∆Ø∫∞Ω√ µø¿€±∏ ªÛµµ2µø 362-46,ª˝»∞πÊπ¸,4,,,,,02-820-2906,37.506877,126.935259,2020/03/24
º≠øÔ∆Ø∫∞Ω√µø¿€±∏√ª,,º≠øÔ∆Ø∫∞Ω√ µø¿€±∏ ªÛµµ3µø 356-221,ª˝»∞πÊπ¸,1,,,,,02-820-2906,37.503902,126.932515,2020/03/24
º≠øÔ∆Ø∫∞Ω√µø¿€±∏√ª,,º≠øÔ∆Ø∫∞Ω√ µø¿€±∏ ≥Î∑Æ¡¯1µø 325-2,ª˝»∞πÊπ¸,4,,,,,02-820-2906,37.508747,126.943188,2020/03/24
º≠øÔ∆Ø∫∞Ω√µø¿€±∏√ª,,º≠øÔ∆Ø∫∞Ω√ µø¿€±∏ ≥Î∑Æ¡¯1µø 126-450,ª˝»∞πÊπ¸,1,,,,,02-820-2906,37.507588,126.954251,2020/03/24
º≠øÔ∆Ø∫∞Ω√µø¿€±∏√ª,,º≠øÔ∆Ø∫∞Ω√ µø¿€±∏ ≥Î∑Æ¡¯1µø 486,ª˝»∞πÊπ¸,1,,,,,02-820-2906,37.509515,126.955397,2020/03/24
º≠øÔ∆Ø∫∞Ω√µø¿€±∏√ª,,º≠øÔ∆Ø∫∞Ω√ µø¿€±∏ ªÛµµ3µø ªÍ80-31,ª˝»∞πÊπ¸,2,,,,,02-820-2906,37.493161,126.935217,2020/03/24
º≠øÔ∆Ø∫∞Ω√µø¿€±∏√ª,,º≠øÔ∆Ø∫∞Ω√ µø¿€±∏ ªÁ¥Á5µø 32-56,ª˝»∞πÊπ¸,1,,,,,02-820-2906,37.485484,126.967198,2020/03/24
º≠øÔ∆Ø∫∞Ω√µø¿€±∏√ª,,º≠øÔ∆Ø∫∞Ω√ µø¿€±∏ ªÛµµ1µø 424,ª˝»∞πÊπ¸,1,,,,,02-820-2906,37.501598,126.951054,2020/03/24
º≠øÔ∆Ø∫∞Ω√µø¿€±∏√ª,,º≠øÔ∆Ø∫∞Ω√ µø¿€±∏ ªÁ¥Á5µø 233-12,ª˝»∞πÊπ¸,1,,,,,02-820-2906,37.483475,126.967874,2020/03/24
º≠øÔ∆Ø∫∞Ω√µø¿€±∏√ª,,º≠øÔ∆Ø∫∞Ω√ µø¿€±∏ ¥ÎπÊµø 362-11,ª˝»∞πÊπ¸,1,,,,,02-820-2906,37.506581,126.925766,2020/03/24
º≠øÔ∆Ø∫∞Ω√µø¿€±∏√ª,,º≠øÔ∆Ø∫∞Ω√ µø¿€±∏ »ÊºÆµø 293-4,ª˝»∞πÊπ¸,1,,,,,02-820-2906,37.503954,126.967973,2020/03/24
º≠øÔ∆Ø∫∞Ω√µø¿€±∏√ª,,º≠øÔ∆Ø∫∞Ω√ µø¿€±∏ ªÁ¥Á1µø 1028-1,ª˝»∞πÊπ¸,3,,,,,02-820-2906,37.480565,126.980006,2020/03/24
º≠øÔ∆Ø∫∞Ω√µø¿€±∏√ª,,º≠øÔ∆Ø∫∞Ω√ µø¿€±∏ ªÁ¥Á3µø ªÍ24-17,ª˝»∞πÊπ¸,3,,,,,02-820-2906,37.485543,126.974931,2020/03/24
º≠øÔ∆Ø∫∞Ω√µø¿€±∏√ª,,º≠øÔ∆Ø∫∞Ω√ µø¿€±∏ ªÛµµ2µø 529-1,ª˝»∞πÊπ¸,1,,,,,02-820-2906,37.504794,126.943821,2020/03/24
º≠øÔ∆Ø∫∞Ω√µø¿€±∏√ª,,º≠øÔ∆Ø∫∞Ω√ µø¿€±∏ ªÛµµ1µø 415-1,ª˝»∞πÊπ¸,6,,,,,02-820-2906,37.500072,126.949559,2020/03/24
º≠øÔ∆Ø∫∞Ω√µø¿€±∏√ª,,º≠øÔ∆Ø∫∞Ω√ µø¿€±∏ ªÛµµ3µø 259-116,ª˝»∞πÊπ¸,1,,,,,02-820-2906,37.496979,126.933958,2020/03/24
º≠øÔ∆Ø∫∞Ω√µø¿€±∏√ª,,º≠øÔ∆Ø∫∞Ω√ µø¿€±∏ ªÁ¥Á3µø 220-6,ª˝»∞πÊπ¸,2,,,,,02-820-2906,37.486845,126.969743,2020/03/24
º≠øÔ∆Ø∫∞Ω√µø¿€±∏√ª,,º≠øÔ∆Ø∫∞Ω√ µø¿€±∏ Ω≈¥ÎπÊ1µø 492-222,ª˝»∞πÊπ¸,1,,,,,02-820-2906,37.494121,126.913051,2020/03/24
º≠øÔ∆Ø∫∞Ω√µø¿€±∏√ª,,º≠øÔ∆Ø∫∞Ω√ µø¿€±∏ ªÛµµ4µø ªÍ65-149,ª˝»∞πÊπ¸,1,,,,,02-820-2906,37.495444,126.940759,2020/03/24
º≠øÔ∆Ø∫∞Ω√µø¿€±∏√ª,,º≠øÔ∆Ø∫∞Ω√ µø¿€±∏ ªÛµµ4µø ªÍ65-235,ª˝»∞πÊπ¸,1,,,,,02-820-2906,37.492494,126.943075,2020/03/24
º≠øÔ∆Ø∫∞Ω√µø¿€±∏√ª,,º≠øÔ∆Ø∫∞Ω√ µø¿€±∏ ªÁ¥Á5µø 205-18,ª˝»∞πÊπ¸,1,,,,,02-820-2906,37.485934,126.964387,2020/03/24
º≠øÔ∆Ø∫∞Ω√µø¿€±∏√ª,,º≠øÔ∆Ø∫∞Ω√ µø¿€±∏ »ÊºÆµø 335-10,ª˝»∞πÊπ¸,1,,,,,02-820-2906,37.506651,126.964084,2020/03/24
º≠øÔ∆Ø∫∞Ω√µø¿€±∏√ª,,º≠øÔ∆Ø∫∞Ω√ µø¿€±∏ ªÁ¥Á5µø ªÍ32-76,ª˝»∞πÊπ¸,1,,,,,02-820-2906,37.482204,126.969545,2020/03/24
º≠øÔ∆Ø∫∞Ω√µø¿€±∏√ª,,º≠øÔ∆Ø∫∞Ω√ µø¿€±∏ ªÁ¥Á4µø 1000-13,ª˝»∞πÊπ¸,1,,,,,02-820-2906,37.478152,126.970144,2020/03/24
º≠øÔ∆Ø∫∞Ω√µø¿€±∏√ª,,º≠øÔ∆Ø∫∞Ω√ µø¿€±∏ ªÁ¥Á4µø 316-33,ª˝»∞πÊπ¸,1,,,,,02-820-2906,37.480051,126.973159,2020/03/24
º≠øÔ∆Ø∫∞Ω√µø¿€±∏√ª,,º≠øÔ∆Ø∫∞Ω√ µø¿€±∏ ªÁ¥Á1µø 316-37,ª˝»∞πÊπ¸,1,,,,,02-820-2906,37.479996,126.974022,2020/03/24
º≠øÔ∆Ø∫∞Ω√µø¿€±∏√ª,,º≠øÔ∆Ø∫∞Ω√ µø¿€±∏ ªÁ¥Á1µø 1043-14,ª˝»∞πÊπ¸,3,,,,,02-820-2906,37.476951,126.980634,2020/03/24
º≠øÔ∆Ø∫∞Ω√µø¿€±∏√ª,,º≠øÔ∆Ø∫∞Ω√ µø¿€±∏ ªÁ¥Á3µø 1157-1,ª˝»∞πÊπ¸,2,,,,,02-820-2906,37.488404,126.974281,2020/03/24
º≠øÔ∆Ø∫∞Ω√µø¿€±∏√ª,,º≠øÔ∆Ø∫∞Ω√ µø¿€±∏ ªÁ¥Á2µø 333-3,ª˝»∞πÊπ¸,3,,,,,02-820-2906,37.493871,126.980199,2020/03/24
º≠øÔ∆Ø∫∞Ω√µø¿€±∏√ª,,º≠øÔ∆Ø∫∞Ω√ µø¿€±∏ ªÛµµ3µø 296-6,ª˝»∞πÊπ¸,2,,,,,02-820-2906,37.496645,126.932071,2020/03/24
º≠øÔ∆Ø∫∞Ω√µø¿€±∏√ª,,º≠øÔ∆Ø∫∞Ω√ µø¿€±∏ ªÛµµ2µø 25-8,ª˝»∞πÊπ¸,2,,,,,02-820-2906,37.505471,126.941989,2020/03/24
º≠øÔ∆Ø∫∞Ω√µø¿€±∏√ª,,º≠øÔ∆Ø∫∞Ω√ µø¿€±∏ ªÁ¥Á5µø 1138-1,ª˝»∞πÊπ¸,2,,,,,02-820-2906,37.486202,126.965725,2020/03/24
º≠øÔ∆Ø∫∞Ω√µø¿€±∏√ª,,º≠øÔ∆Ø∫∞Ω√ µø¿€±∏ ªÛµµ1µø 426,ª˝»∞πÊπ¸,2,,,,,02-820-2906,37.50155989,126.9505471,2020/03/24
º≠øÔ∆Ø∫∞Ω√µø¿€±∏√ª,,º≠øÔ∆Ø∫∞Ω√ µø¿€±∏ ªÁ¥Á5µø 1144,ª˝»∞πÊπ¸,2,,,,,02-820-2906,37.487415,126.965383,2020/03/24
º≠øÔ∆Ø∫∞Ω√µø¿€±∏√ª,,º≠øÔ∆Ø∫∞Ω√ µø¿€±∏ ªÛµµ3µø 299-193,ª˝»∞πÊπ¸,2,,,,,02-820-2906,37.495177,126.929625,2020/03/24
º≠øÔ∆Ø∫∞Ω√µø¿€±∏√ª,,º≠øÔ∆Ø∫∞Ω√ µø¿€±∏ ≥Î∑Æ¡¯2µø 314-95,ª˝»∞πÊπ¸,1,,,,,02-820-2906,37.506493,126.937574,2020/03/24
º≠øÔ∆Ø∫∞Ω√µø¿€±∏√ª,,º≠øÔ∆Ø∫∞Ω√ µø¿€±∏ ªÛµµ2µø 16-18,ª˝»∞πÊπ¸,1,,,,,02-820-2906,37.506531,126.949769,2020/03/24
º≠øÔ∆Ø∫∞Ω√µø¿€±∏√ª,,º≠øÔ∆Ø∫∞Ω√ µø¿€±∏ ªÛµµ2µø 16-18,ª˝»∞πÊπ¸,1,,,,,02-820-2906,37.506467,126.949816,2020/03/24
º≠øÔ∆Ø∫∞Ω√µø¿€±∏√ª,,º≠øÔ∆Ø∫∞Ω√ ªÁ¥Á3µø 164-52,ª˝»∞πÊπ¸,1,,,,,02-820-2906,37.487257,126.974419,2020/03/24
º≠øÔ∆Ø∫∞Ω√µø¿€±∏√ª,,º≠øÔ∆Ø∫∞Ω√ µø¿€±∏ ªÛµµ1µø 558,ª˝»∞πÊπ¸,3,,,,,02-820-2906,37.50598616,126.9518335,2020/03/24
º≠øÔ∆Ø∫∞Ω√µø¿€±∏√ª,º≠øÔ∆Ø∫∞Ω√ µø¿€±∏ ≥Î∑Æ¡¯∑Œ26±Ê 16-40 (≥Î∑Æ¡¯1µø 50-8) ∫ªµø√ ,,æÓ∏∞¿Ã∫∏»£,1,,,,,02-820-2906,37.50992616,126.9538533,2020/03/24
º≠øÔ∆Ø∫∞Ω√µø¿€±∏√ª,º≠øÔ∆Ø∫∞Ω√ µø¿€±∏ ªÁ¥Á∑Œ23≥™±Ê 27(ªÁ¥Á3µø 105-23) ªÔ¿œ√ ,,æÓ∏∞¿Ã∫∏»£,1,,,,,02-820-2906,37.48825796,126.9751875,2020/03/24
º≠øÔ∆Ø∫∞Ω√µø¿€±∏√ª,º≠øÔ∆Ø∫∞Ω√ µø¿€±∏ ∏∏æÁ∑Œ12∞°±Ê 69(≥Î∑Æ¡¯1µø 441-11) øµ∫ª√ ,,æÓ∏∞¿Ã∫∏»£,1,,,,,02-820-2906,37.51129715,126.9486722,2020/03/24
º≠øÔ∆Ø∫∞Ω√µø¿€±∏√ª,º≠øÔ∆Ø∫∞Ω√ µø¿€±∏ «ˆ√Ê∑Œ 87(»ÊºÆµø 7-1) »ÊºÆ√ ,,æÓ∏∞¿Ã∫∏»£,1,,,,,02-820-2906,37.5082938,126.9651329,2020/03/24
º≠øÔ∆Ø∫∞Ω√µø¿€±∏√ª,º≠øÔ∆Ø∫∞Ω√ µø¿€±∏ æÀ∏∂≈∏±Ê 16(¥ÎπÊµø 351-6) Ω≈±Ê√ ,,æÓ∏∞¿Ã∫∏»£,1,,,,,02-820-2906,37.51007796,126.9262919,2020/03/24
º≠øÔ∆Ø∫∞Ω√µø¿€±∏√ª,º≠øÔ∆Ø∫∞Ω√ µø¿€±∏ º≠¥ﬁ∑Œ 135(»ÊºÆµø 233-2) ¡ﬂ¥Î∫Œº”√ ,,æÓ∏∞¿Ã∫∏»£,1,,,,,02-820-2906,37.5054521,126.9596784,2020/03/24
º≠øÔ∆Ø∫∞Ω√µø¿€±∏√ª,º≠øÔ∆Ø∫∞Ω√ µø¿€±∏ µø¿€¥Î∑Œ29±Ê 214(ªÁ¥Á2µø ªÍ 9-1) µø¿€√ ,,æÓ∏∞¿Ã∫∏»£,1,,,,,02-820-2906,37.49411478,126.9765109,2020/03/24
º≠øÔ∆Ø∫∞Ω√µø¿€±∏√ª,º≠øÔ∆Ø∫∞Ω√ µø¿€±∏ µÓøÎ∑Œ8±Ê 3(¥ÎπÊµø 44-3) øµ»≠√ ,,æÓ∏∞¿Ã∫∏»£,1,,,,,02-820-2906,37.50890703,126.9329751,2020/03/24
º≠øÔ∆Ø∫∞Ω√µø¿€±∏√ª,º≠øÔ∆Ø∫∞Ω√ µø¿€±∏ ªÁ¥Á∑Œ 146(ªÁ¥Á5µø 199-1) Ω≈≥≤º∫√  »ƒπÆ,,æÓ∏∞¿Ã∫∏»£,1,,,,,02-820-2906,37.48815083,126.9648709,2020/03/24
º≠øÔ∆Ø∫∞Ω√µø¿€±∏√ª,º≠øÔ∆Ø∫∞Ω√ µø¿€±∏ º∫¥Î∑Œ17±Ê 52,,æÓ∏∞¿Ã∫∏»£,4,,,,,02-820-2906,37.499511,126.935181,2020/03/24
º≠øÔ∆Ø∫∞Ω√µø¿€±∏√ª,º≠øÔ∆Ø∫∞Ω√ µø¿€±∏ ∞≠≥≤√ µÓ±Ê 15(ªÛµµ1µø 501-1) ∞≠≥≤√ ,,æÓ∏∞¿Ã∫∏»£,1,,,,,02-820-2906,37.50615977,126.953358,2020/03/24
º≠øÔ∆Ø∫∞Ω√µø¿€±∏√ª,º≠øÔ∆Ø∫∞Ω√ µø¿€±∏ ¿ÂΩ¬πË±‚∑Œ10±Ê 130,,æÓ∏∞¿Ã∫∏»£,5,,,,,02-820-2906,37.50201865,126.9447836,2020/03/24
º≠øÔ∆Ø∫∞Ω√µø¿€±∏√ª,º≠øÔ∆Ø∫∞Ω√ µø¿€±∏ º∫¥Î∑Œ29±Ê 79(ªÛµµ4µø 238),,æÓ∏∞¿Ã∫∏»£,4,,,,,02-820-2906,37.50115328,126.9367774,2020/03/24
º≠øÔ∆Ø∫∞Ω√µø¿€±∏√ª,º≠øÔ∆Ø∫∞Ω√ µø¿€±∏ ªÛµµ∑Œ 59,,æÓ∏∞¿Ã∫∏»£,4,,,,,02-820-2906,37.50004487,126.9270979,2020/03/24
º≠øÔ∆Ø∫∞Ω√µø¿€±∏√ª,º≠øÔ∆Ø∫∞Ω√ µø¿€±∏ ø©¿«¥ÎπÊ∑Œ16±Ê 30(Ω≈¥ÎπÊ2µø 488-1),,æÓ∏∞¿Ã∫∏»£,4,,,,,02-820-2906,37.49585333,126.9161464,2020/03/24
º≠øÔ∆Ø∫∞Ω√µø¿€±∏√ª,º≠øÔ∆Ø∫∞Ω√ µø¿€±∏ µø¿€¥Î∑Œ13±Ê 22(ªÁ¥Á1µø 1011-1),,æÓ∏∞¿Ã∫∏»£,4,,,,,02-820-2906,37.4819443,126.9782332,2020/03/24
º≠øÔ∆Ø∫∞Ω√µø¿€±∏√ª,º≠øÔ∆Ø∫∞Ω√ µø¿€±∏ ªÁ¥Á∑Œ23±Ê 60,,æÓ∏∞¿Ã∫∏»£,3,,,,,02-820-2906,37.48613519,126.9751927,2020/03/24
º≠øÔ∆Ø∫∞Ω√µø¿€±∏√ª,º≠øÔ∆Ø∫∞Ω√ µø¿€±∏ º÷πÁ∑Œ 47(ªÁ¥Á5µø ªÍ 32-87),,æÓ∏∞¿Ã∫∏»£,3,,,,,02-820-2906,37.48280607,126.9649638,2020/03/24
º≠øÔ∆Ø∫∞Ω√µø¿€±∏√ª,º≠øÔ∆Ø∫∞Ω√ µø¿€±∏ ¿ÂΩ¬πË±‚∑Œ 146(≥Î∑Æ¡¯1µø 236-13),,æÓ∏∞¿Ã∫∏»£,4,,,,,02-820-2906,37.51052199,126.9403572,2020/03/24
º≠øÔ∆Ø∫∞Ω√µø¿€±∏√ª,º≠øÔ∆Ø∫∞Ω√ µø¿€±∏ »ÊºÆ∑Œ 12(ªÛµµ1µø 489-2),,æÓ∏∞¿Ã∫∏»£,4,,,,,02-820-2906,37.50477169,126.9520424,2020/03/24
º≠øÔ∆Ø∫∞Ω√µø¿€±∏√ª,º≠øÔ∆Ø∫∞Ω√ µø¿€±∏ ¿ÂΩ¬πË±‚∑Œ26±Ê 17,,æÓ∏∞¿Ã∫∏»£,4,,,,,02-820-2906,37.51197854,126.9414102,2020/03/24
º≠øÔ∆Ø∫∞Ω√µø¿€±∏√ª,º≠øÔ∆Ø∫∞Ω√ µø¿€±∏ Ω≈¥ÎπÊ2±Ê 12,,æÓ∏∞¿Ã∫∏»£,3,,,,,02-820-2906,37.48799082,126.9132018,2020/03/24
º≠øÔ∆Ø∫∞Ω√µø¿€±∏√ª,º≠øÔ∆Ø∫∞Ω√ µø¿€±∏ ¿ÂΩ¬πË±‚∑Œ 164,,æÓ∏∞¿Ã∫∏»£,2,,,,,02-820-2906,37.5123132,126.9403965,2020/03/24
º≠øÔ∆Ø∫∞Ω√µø¿€±∏√ª,º≠øÔ∆Ø∫∞Ω√ µø¿€±∏ ªÁ¥Á∑Œ23±Ê 112,,æÓ∏∞¿Ã∫∏»£,4,,,,,02-820-2906,37.4877494,126.9733831,2020/03/24
º≠øÔ∆Ø∫∞Ω√µø¿€±∏√ª,º≠øÔ∆Ø∫∞Ω√ µø¿€±∏ º∫¥Î∑Œ21±Ê 59,,æÓ∏∞¿Ã∫∏»£,2,,,,,02-820-2906,37.50053329,126.936606,2020/03/24
º≠øÔ∆Ø∫∞Ω√µø¿€±∏√ª,º≠øÔ∆Ø∫∞Ω√ µø¿€±∏ ø©¿«¥ÎπÊ∑Œ46±Ê 28,,æÓ∏∞¿Ã∫∏»£,4,,,,,02-820-2906,37.51105455,126.9261371,2020/03/24
º≠øÔ∆Ø∫∞Ω√µø¿€±∏√ª,º≠øÔ∆Ø∫∞Ω√ µø¿€±∏ ªÁ¥Á∑Œ2∞°±Ê 133,,æÓ∏∞¿Ã∫∏»£,3,,,,,02-820-2906,37.48844966,126.9638531,2020/03/24
º≠øÔ∆Ø∫∞Ω√µø¿€±∏√ª,º≠øÔ∆Ø∫∞Ω√ µø¿€±∏ ∏∏æÁ∑Œ12∞°±Ê 60,,æÓ∏∞¿Ã∫∏»£,3,,,,,02-820-2906,37.51143043,126.9485047,2020/03/24
º≠øÔ∆Ø∫∞Ω√µø¿€±∏√ª,º≠øÔ∆Ø∫∞Ω√ µø¿€±∏ º≠¥ﬁ∑Œ 167(»ÊºÆµø 102-1),,æÓ∏∞¿Ã∫∏»£,3,,,,,02-820-2906,37.50808045,126.962794,2020/03/24
º≠øÔ∆Ø∫∞Ω√µø¿€±∏√ª,º≠øÔ∆Ø∫∞Ω√ µø¿€±∏ æÁ≥Á∑Œ 28±Ê 25(ªÛµµ4µø 212-129) º≠øÔªÔº∫«–±≥,,æÓ∏∞¿Ã∫∏»£,4,,,,,02-820-2906,37.49844364,126.9451708,2020/03/24
º≠øÔ∆Ø∫∞Ω√µø¿€±∏√ª,º≠øÔ∆Ø∫∞Ω√ µø¿€±∏ ¿ÂΩ¬πË±‚∑Œ20±Ê 20(≥Î∑Æ¡¯2µø 225-36),,æÓ∏∞¿Ã∫∏»£,4,,,,,02-820-2906,37.50891859,126.9411276,2020/03/24
º≠øÔ∆Ø∫∞Ω√µø¿€±∏√ª,º≠øÔ∆Ø∫∞Ω√ µø¿€±∏ º∫¥Î∑Œ6±Ê 10,,æÓ∏∞¿Ã∫∏»£,3,,,,,02-820-2906,37.49902463,126.9326718,2020/03/24
º≠øÔ∆Ø∫∞Ω√µø¿€±∏√ª,º≠øÔ∆Ø∫∞Ω√ µø¿€±∏ ∫∏∂Û∏≈∑Œ 19±Ê 16-1(Ω≈¥ÎπÊ2µø 349-25),,æÓ∏∞¿Ã∫∏»£,3,,,,,02-820-2906,37.49802661,126.9270953,2020/03/24
º≠øÔ∆Ø∫∞Ω√µø¿€±∏√ª,º≠øÔ∆Ø∫∞Ω√ µø¿€±∏ ªÁ¥Á∑Œ23±Ê 112,,æÓ∏∞¿Ã∫∏»£,3,,,,,02-820-2906,37.4877494,126.9733831,2020/03/24
º≠øÔ∆Ø∫∞Ω√µø¿€±∏√ª,º≠øÔ∆Ø∫∞Ω√ µø¿€±∏ º∫¥Î∑Œ6∞°±Ê 152,,æÓ∏∞¿Ã∫∏»£,3,,,,,02-820-2906,37.49381518,126.9362091,2020/03/24
º≠øÔ∆Ø∫∞Ω√µø¿€±∏√ª,º≠øÔ∆Ø∫∞Ω√ µø¿€±∏ ø©¿«¥ÎπÊ∑Œ36±Ê 13,,æÓ∏∞¿Ã∫∏»£,4,,,,,02-820-2906,37.50483578,126.9232434,2020/03/24
º≠øÔ∆Ø∫∞Ω√µø¿€±∏√ª,º≠øÔ∆Ø∫∞Ω√ µø¿€±∏ º≠¥ﬁ∑Œ2±Ê 29,,æÓ∏∞¿Ã∫∏»£,4,,,,,02-820-2906,37.50189593,126.9627247,2020/03/24
º≠øÔ∆Ø∫∞Ω√µø¿€±∏√ª,º≠øÔ∆Ø∫∞Ω√ µø¿€±∏ æÁ≥Á∑Œ36±Ê 17(ªÛµµ1µø 159-221),,æÓ∏∞¿Ã∫∏»£,3,,,,,02-820-2906,37.50230062,126.9466382,2020/03/24
º≠øÔ∆Ø∫∞Ω√µø¿€±∏√ª,º≠øÔ∆Ø∫∞Ω√ µø¿€±∏ ªÛµµ∑Œ58±Ê 16,,æÓ∏∞¿Ã∫∏»£,3,,,,,02-820-2906,37.4951742,126.9520938,2020/03/24
º≠øÔ∆Ø∫∞Ω√µø¿€±∏√ª,º≠øÔ∆Ø∫∞Ω√ µø¿€±∏ ø©¿«¥ÎπÊ∑Œ24∞°±Ê 22,,æÓ∏∞¿Ã∫∏»£,4,,,,,02-820-2906,37.49920853,126.9211683,2020/03/24
º≠øÔ∆Ø∫∞Ω√µø¿€±∏√ª,º≠øÔ∆Ø∫∞Ω√ µø¿€±∏ ø©¿«¥ÎπÊ∑Œ10±Ê 59,,æÓ∏∞¿Ã∫∏»£,4,,,,,02-820-2906,37.49511374,126.9150798,2020/03/24
º≠øÔ∆Ø∫∞Ω√µø¿€±∏√ª,º≠øÔ∆Ø∫∞Ω√ µø¿€±∏ µÓøÎ∑Œ 86,,æÓ∏∞¿Ã∫∏»£,4,,,,,02-820-2906,37.50889948,126.9323689,2020/03/24
º≠øÔ∆Ø∫∞Ω√µø¿€±∏√ª,º≠øÔ∆Ø∫∞Ω√ µø¿€±∏ ∏∏æÁ∑Œ 26 (∞«øµæ∆∆ƒ∆ÆªÛ∞° «ˆ¥Î∫ŒµøªÍæ’ ∫∏µµ),,æÓ∏∞¿Ã∫∏»£,5,,,,,02-820-2906,37.50763224,126.9495433,2020/03/24
º≠øÔ∆Ø∫∞Ω√µø¿€±∏√ª,º≠øÔ∆Ø∫∞Ω√ µø¿€±∏ ¿ÂΩ¬πË±‚∑Œ 13,,æÓ∏∞¿Ã∫∏»£,4,,,,,02-820-2906,37.49972557,126.9428357,2020/03/24
º≠øÔ∆Ø∫∞Ω√µø¿€±∏√ª,º≠øÔ∆Ø∫∞Ω√ µø¿€±∏ »ÊºÆ∑Œ 27,,æÓ∏∞¿Ã∫∏»£,4,,,,,02-820-2906,37.50513998,126.9537341,2020/03/24
º≠øÔ∆Ø∫∞Ω√µø¿€±∏√ª,º≠øÔ∆Ø∫∞Ω√ µø¿€±∏ ªÁ¥Á∑Œ23±Ê 112,,æÓ∏∞¿Ã∫∏»£,4,,,,,02-820-2906,37.4877494,126.9733831,2020/03/24
º≠øÔ∆Ø∫∞Ω√µø¿€±∏√ª,º≠øÔ∆Ø∫∞Ω√ µø¿€±∏ µø¿€¥Î∑Œ39∞°±Ê 83,,æÓ∏∞¿Ã∫∏»£,4,,,,,02-820-2906,37.49546294,126.9778041,2020/03/24
º≠øÔ∆Ø∫∞Ω√µø¿€±∏√ª,º≠øÔ∆Ø∫∞Ω√ µø¿€±∏ º≠¥ﬁ∑Œ 83 (øÏ∏Æ¿ØæÿπÃæ∆∆ƒ∆Æ102µø ∞¸∏ÆªÁπ´º“ ¥„¿Â),,æÓ∏∞¿Ã∫∏»£,4,,,,,02-820-2906,37.50042816,126.959862,2020/03/24
º≠øÔ∆Ø∫∞Ω√µø¿€±∏√ª,º≠øÔ∆Ø∫∞Ω√ µø¿€±∏ º≠¥ﬁ∑Œ 153,,æÓ∏∞¿Ã∫∏»£,4,,,,,02-820-2906,37.50717546,126.961582,2020/03/24
º≠øÔ∆Ø∫∞Ω√µø¿€±∏√ª,º≠øÔ∆Ø∫∞Ω√ µø¿€±∏ ªÁ¥Á∑Œ10±Ê 102,,æÓ∏∞¿Ã∫∏»£,4,,,,,02-820-2906,37.48203533,126.9667641,2020/03/24
º≠øÔ∆Ø∫∞Ω√µø¿€±∏√ª,º≠øÔ∆Ø∫∞Ω√ µø¿€±∏ ªÁ¥Á∑Œ16∏∂±Ê 73,,æÓ∏∞¿Ã∫∏»£,3,,,,,02-820-2906,37.48264846,126.9683875,2020/03/24
º≠øÔ∆Ø∫∞Ω√µø¿€±∏√ª,º≠øÔ∆Ø∫∞Ω√ µø¿€±∏ »ÊºÆ∑Œ 115-3,,æÓ∏∞¿Ã∫∏»£,5,,,,,02-820-2906,37.50885126,126.9613957,2020/03/24
º≠øÔ∆Ø∫∞Ω√µø¿€±∏√ª,º≠øÔ∆Ø∫∞Ω√ µø¿€±∏ ªÛµµ∑Œ58±Ê 4,,æÓ∏∞¿Ã∫∏»£,5,,,,,02-820-2906,37.49592061,126.9530432,2020/03/24
º≠øÔ∆Ø∫∞Ω√µø¿€±∏√ª,º≠øÔ∆Ø∫∞Ω√ µø¿€±∏ ∏∏æÁ∑Œ13∞°±Ê 34-1,,æÓ∏∞¿Ã∫∏»£,3,,,,,02-820-2906,37.50864266,126.9443942,2020/03/24
º≠øÔ∆Ø∫∞Ω√µø¿€±∏√ª,º≠øÔ∆Ø∫∞Ω√ µø¿€±∏ ¿ÂΩ¬πË±‚∑Œ16±Ê 115(≥Î∑Æ¡¯2µø 225-158),,æÓ∏∞¿Ã∫∏»£,4,,,,,02-820-2906,37.50973394,126.9428461,2020/03/24
º≠øÔ∆Ø∫∞Ω√µø¿€±∏√ª,º≠øÔ∆Ø∫∞Ω√ µø¿€±∏ æÁ≥Á∑Œ26±Ê 11,,æÓ∏∞¿Ã∫∏»£,4,,,,,02-820-2906,37.4987496,126.9443608,2020/03/24
º≠øÔ∆Ø∫∞Ω√µø¿€±∏√ª,º≠øÔ∆Ø∫∞Ω√ µø¿€±∏ º∫¥Î∑Œ21±Ê 16,,æÓ∏∞¿Ã∫∏»£,4,,,,,02-820-2906,37.49885419,126.9373086,2020/03/24
º≠øÔ∆Ø∫∞Ω√µø¿€±∏√ª,º≠øÔ∆Ø∫∞Ω√ µø¿€±∏ Ω≈¥ÎπÊ11±Ê 32,,æÓ∏∞¿Ã∫∏»£,5,,,,,02-820-2906,37.48879406,126.9078412,2020/03/24
º≠øÔ∆Ø∫∞Ω√µø¿€±∏√ª,º≠øÔ∆Ø∫∞Ω√ µø¿€±∏ ø©¿«¥ÎπÊ∑Œ44±Ê 49 (¥ÎπÊ¡÷∞¯ 2¥‹¡ˆæ∆∆ƒ∆Æ 207µø æ’ ∫∏µµ),,æÓ∏∞¿Ã∫∏»£,3,,,,,02-820-2906,37.50896251,126.9292201,2020/03/24
º≠øÔ∆Ø∫∞Ω√µø¿€±∏√ª,º≠øÔ∆Ø∫∞Ω√ µø¿€±∏ ø©¿«¥ÎπÊ∑Œ 56-9,,æÓ∏∞¿Ã∫∏»£,3,,,,,02-820-2906,37.49553023,126.9129081,2020/03/24
º≠øÔ∆Ø∫∞Ω√µø¿€±∏√ª,º≠øÔ∆Ø∫∞Ω√ µø¿€±∏ ¿ÂΩ¬πË±‚∑Œ5±Ê 18,,æÓ∏∞¿Ã∫∏»£,3,,,,,02-820-2906,37.50129548,126.9399393,2020/03/24
º≠øÔ∆Ø∫∞Ω√µø¿€±∏√ª,º≠øÔ∆Ø∫∞Ω√ µø¿€±∏ æÁ≥Á∑Œ25±Ê 71,,æÓ∏∞¿Ã∫∏»£,4,,,,,02-820-2906,37.49618906,126.9408978,2020/03/24
º≠øÔ∆Ø∫∞Ω√µø¿€±∏√ª,º≠øÔ∆Ø∫∞Ω√ µø¿€±∏ »ÊºÆ∑Œ 47,,æÓ∏∞¿Ã∫∏»£,3,,,,,02-820-2906,37.50647418,126.9555972,2020/03/24
º≠øÔ∆Ø∫∞Ω√µø¿€±∏√ª,º≠øÔ∆Ø∫∞Ω√ µø¿€±∏ ªÛµµ∑Œ41∞°±Ê 15,,æÓ∏∞¿Ã∫∏»£,5,,,,,02-820-2906,37.50355275,126.9501432,2020/03/24
º≠øÔ∆Ø∫∞Ω√µø¿€±∏√ª,º≠øÔ∆Ø∫∞Ω√ µø¿€±∏ ±πªÁ∫¿1±Ê 235-1,,æÓ∏∞¿Ã∫∏»£,3,,,,,02-820-2906,37.49326005,126.9360196,2020/03/24
º≠øÔ∆Ø∫∞Ω√µø¿€±∏√ª,º≠øÔ∆Ø∫∞Ω√ µø¿€±∏ ø©¿«¥ÎπÊ∑Œ24±Ê 113,,æÓ∏∞¿Ã∫∏»£,4,,,,,02-820-2906,37.49930557,126.9263341,2020/03/24
º≠øÔ∆Ø∫∞Ω√µø¿€±∏√ª,º≠øÔ∆Ø∫∞Ω√ µø¿€±∏ ∏≈∫¿∑Œ2±Ê 1,,æÓ∏∞¿Ã∫∏»£,4,,,,,02-820-2906,37.50731972,126.9520046,2020/03/24
º≠øÔ∆Ø∫∞Ω√µø¿€±∏√ª,º≠øÔ∆Ø∫∞Ω√ µø¿€±∏ µø¿€¥Î∑Œ17±Ê 37,,æÓ∏∞¿Ã∫∏»£,4,,,,,02-820-2906,37.48280553,126.9775139,2020/03/24
º≠øÔ∆Ø∫∞Ω√µø¿€±∏√ª,º≠øÔ∆Ø∫∞Ω√ µø¿€±∏ ªÁ¥Á∑Œ4±Ê 46,,æÓ∏∞¿Ã∫∏»£,4,,,,,02-820-2906,37.499871,126.961931,2020/03/24
º≠øÔ∆Ø∫∞Ω√µø¿€±∏√ª,º≠øÔ∆Ø∫∞Ω√ µø¿€±∏ ªÁ¥Á∑Œ13±Ê 31,,æÓ∏∞¿Ã∫∏»£,4,,,,,02-820-2906,37.48542802,126.9717467,2020/03/24
º≠øÔ∆Ø∫∞Ω√µø¿€±∏√ª,º≠øÔ∆Ø∫∞Ω√ µø¿€±∏ ªÛµµ∑Œ50±Ê 36-1(ª˚∫∞¿Øƒ°ø¯),,æÓ∏∞¿Ã∫∏»£,2,,,,,02-820-2906,37.49804586,126.9502826,2020/03/24
º≠øÔ∆Ø∫∞Ω√µø¿€±∏√ª,º≠øÔ∆Ø∫∞Ω√ µø¿€±∏ º≠¥ﬁ∑Œ12±Ê 89-19(≈´∫∞æÓ∏∞¿Ã¡˝),,æÓ∏∞¿Ã∫∏»£,3,,,,,02-820-2906,37.50437258,126.9649673,2020/03/24
º≠øÔ∆Ø∫∞Ω√µø¿€±∏√ª,º≠øÔ∆Ø∫∞Ω√ µø¿€±∏ ªÁ¥Á∑Œ8≥™±Ê 1(ªÁ¥Á5µø 233-11),,æÓ∏∞¿Ã∫∏»£,3,,,,,02-820-2906,37.48390268,126.9684322,2020/03/24
º≠øÔ∆Ø∫∞Ω√µø¿€±∏√ª,º≠øÔ∆Ø∫∞Ω√ µø¿€±∏ æÁ≥Á∑Œ20±Ê 112,,æÓ∏∞¿Ã∫∏»£,3,,,,,02-820-2906,37.49722189,126.9451898,2020/03/24
º≠øÔ∆Ø∫∞Ω√µø¿€±∏√ª,º≠øÔ∆Ø∫∞Ω√ µø¿€±∏ º∫¥Î∑Œ10±Ê 27,,æÓ∏∞¿Ã∫∏»£,3,,,,,02-820-2906,37.49682045,126.935311,2020/03/24
º≠øÔ∆Ø∫∞Ω√µø¿€±∏√ª,º≠øÔ∆Ø∫∞Ω√ µø¿€±∏ µø¿€¥Î∑Œ35æ∆±Ê 32,,æÓ∏∞¿Ã∫∏»£,4,,,,,02-820-2906,37.49355283,126.9779494,2020/03/24
º≠øÔ∆Ø∫∞Ω√µø¿€±∏√ª,º≠øÔ∆Ø∫∞Ω√ µø¿€±∏ ªÛµµ∑Œ 47±Ê 108 (ªÛµµ1µø 486),,æÓ∏∞¿Ã∫∏»£,3,,,,,02-820-2906,37.50403644,126.951975,2020/03/24
º≠øÔ∆Ø∫∞Ω√µø¿€±∏√ª,º≠øÔ∆Ø∫∞Ω√ µø¿€±∏ ¿ÂΩ¬πË±‚∑Œ 160(≥Î∑Æ¡¯1µø 51),,æÓ∏∞¿Ã∫∏»£,3,,,,,02-820-2906,37.51175119,126.9408222,2020/03/24
º≠øÔ∆Ø∫∞Ω√µø¿€±∏√ª,º≠øÔ∆Ø∫∞Ω√ µø¿€±∏ ø©¿«¥ÎπÊ∑Œ 256(¥ÎπÊµø 500) º∫ø¯æ∆∆ƒ∆Æ 102µø æ’,,æÓ∏∞¿Ã∫∏»£,3,,,,,02-820-2906,37.50945335,126.924528,2020/03/24
º≠øÔ∆Ø∫∞Ω√µø¿€±∏√ª,º≠øÔ∆Ø∫∞Ω√ µø¿€±∏ æÀ∏∂≈∏±Ê 29(¥ÎπÊµø 349-3),,æÓ∏∞¿Ã∫∏»£,3,,,,,02-820-2906,37.51133689,126.9281184,2020/03/24
º≠øÔ∆Ø∫∞Ω√µø¿€±∏√ª,º≠øÔ∆Ø∫∞Ω√ µø¿€±∏ ¿ÂΩ¬πË±‚∑Œ 4(ªÛµµ2µø 207-5),,æÓ∏∞¿Ã∫∏»£,4,,,,,02-820-2906,37.49931161,126.943899,2020/03/24
º≠øÔ∆Ø∫∞Ω√µø¿€±∏√ª,º≠øÔ∆Ø∫∞Ω√ µø¿€±∏ º≠¥ﬁ∑Œ 112(»ÊºÆµø 86-188),,æÓ∏∞¿Ã∫∏»£,3,,,,,02-820-2906,37.50352802,126.9610727,2020/03/24
º≠øÔ∆Ø∫∞Ω√µø¿€±∏√ª,º≠øÔ∆Ø∫∞Ω√ µø¿€±∏ ªÁ¥Á∑Œ 138(ªÁ¥Á5µø 200-8),,æÓ∏∞¿Ã∫∏»£,3,,,,,02-820-2906,37.48895838,126.9657027,2020/03/24
º≠øÔ∆Ø∫∞Ω√µø¿€±∏√ª,º≠øÔ∆Ø∫∞Ω√ µø¿€±∏ ªÛµµ∑Œ50±Ê 33(ªÛµµ1µø 470-8),,æÓ∏∞¿Ã∫∏»£,3,,,,,02-820-2906,37.49732512,126.9504414,2020/03/24
º≠øÔ∆Ø∫∞Ω√µø¿€±∏√ª,º≠øÔ∆Ø∫∞Ω√ µø¿€±∏ º∫¥Î∑Œ12±Ê 1(ªÛµµ4µø 263-8),,æÓ∏∞¿Ã∫∏»£,4,,,,,02-820-2906,37.49753045,126.9353239,2020/03/24
º≠øÔ∆Ø∫∞Ω√µø¿€±∏√ª,º≠øÔ∆Ø∫∞Ω√ µø¿€±∏ º≠¥ﬁ∑Œ2±Ê 2,,æÓ∏∞¿Ã∫∏»£,3,,,,,02-820-2906,37.499711,126.960761,2020/03/24
º≠øÔ∆Ø∫∞Ω√µø¿€±∏√ª,º≠øÔ∆Ø∫∞Ω√ µø¿€±∏ »ÊºÆ«—∞≠∑Œ 11(»ÊºÆµø 335-2),,æÓ∏∞¿Ã∫∏»£,3,,,,,02-820-2906,37.50577862,126.9665908,2020/03/24
º≠øÔ∆Ø∫∞Ω√µø¿€±∏√ª,º≠øÔ∆Ø∫∞Ω√ µø¿€±∏ µø¿€¥Î∑Œ17±Ê 20(ªÁ¥Á1µø 1004-45),,æÓ∏∞¿Ã∫∏»£,4,,,,,02-820-2906,37.48289598,126.9794676,2020/03/24
º≠øÔ∆Ø∫∞Ω√µø¿€±∏√ª,º≠øÔ∆Ø∫∞Ω√ µø¿€±∏ ø©¿«¥ÎπÊ∑Œ36±Ê 79(¥ÎπÊµø 15-46),,æÓ∏∞¿Ã∫∏»£,3,,,,,02-820-2906,37.50736234,126.9292442,2020/03/24
º≠øÔ∆Ø∫∞Ω√µø¿€±∏√ª,º≠øÔ∆Ø∫∞Ω√ µø¿€±∏ ∞≠≥≤√ µÓ±Ê 7(∞≠≥≤√ ±≥∫¥º≥¿Øƒ°ø¯),,æÓ∏∞¿Ã∫∏»£,4,,,,,02-820-2906,37.5065882,126.9522494,2020/03/24
º≠øÔ∆Ø∫∞Ω√µø¿€±∏√ª,º≠øÔ∆Ø∫∞Ω√ µø¿€±∏ ªÁ¥Á∑Œ17±Ê 49(≥≤º∫√ ±≥∫¥º≥¿Øƒ°ø¯),,æÓ∏∞¿Ã∫∏»£,4,,,,,02-820-2906,37.48533463,126.9730673,2020/03/24
º≠øÔ∆Ø∫∞Ω√µø¿€±∏√ª,º≠øÔ∆Ø∫∞Ω√ µø¿€±∏ Ω≈¥ÎπÊ2±Ê 42(πÆ√¢√ ±≥∫¥º≥¿Øƒ°ø¯),,æÓ∏∞¿Ã∫∏»£,5,,,,,02-820-2906,37.48896686,126.9123277,2020/03/24
º≠øÔ∆Ø∫∞Ω√µø¿€±∏√ª,º≠øÔ∆Ø∫∞Ω√ µø¿€±∏ º∫¥Î∑Œ 21±Ê 2(ªÛµµµø 244-291) ªÛµµ√ µÓ«–±≥,,æÓ∏∞¿Ã∫∏»£,5,,,,,02-820-2906,37.49819469,126.9373634,2020/03/24
º≠øÔ∆Ø∫∞Ω√µø¿€±∏√ª,º≠øÔ∆Ø∫∞Ω√ µø¿€±∏ µø¿€¥Î∑Œ41±Ê 2(µø¿€µø 102-35) «œ∂˚Ω£¿Øƒ°ø¯,,æÓ∏∞¿Ã∫∏»£,3,,,,,02-820-2906,37.49579167,126.9823183,2020/03/24
º≠øÔ∆Ø∫∞Ω√µø¿€±∏√ª,º≠øÔ∆Ø∫∞Ω√ µø¿€±∏ ø©¿«¥ÎπÊ∑Œ 46±Ê º∫ø¯æ∆∆ƒ∆Æ æ’,,æÓ∏∞¿Ã∫∏»£,4,,,,,02-820-2906,37.510921,126.926591,2020/03/24
º≠øÔ∆Ø∫∞Ω√µø¿€±∏√ª,º≠øÔ∆Ø∫∞Ω√ µø¿€±∏ ¥ÎπÊµø±Ê 3,,æÓ∏∞¿Ã∫∏»£,3,,,,,02-820-2906,37.50017507,126.9278441,2020/03/24
º≠øÔ∆Ø∫∞Ω√µø¿€±∏√ª,º≠øÔ∆Ø∫∞Ω√ µø¿€±∏ æÁ≥Á∑Œ170,,æÓ∏∞¿Ã∫∏»£,4,,,,,02-820-2906,37.49700131,126.9436429,2020/03/24
º≠øÔ∆Ø∫∞Ω√µø¿€±∏√ª,º≠øÔ∆Ø∫∞Ω√ µø¿€±∏ ªÛµµ∑Œ56±Ê 15,,æÓ∏∞¿Ã∫∏»£,3,,,,,02-820-2906,37.49532552,126.9519851,2020/03/24
º≠øÔ∆Ø∫∞Ω√µø¿€±∏√ª,º≠øÔ∆Ø∫∞Ω√ µø¿€±∏ æÁ≥Á∑Œ 30±Ê 24,,æÓ∏∞¿Ã∫∏»£,4,,,,,02-820-2906,37.49902391,126.9452246,2020/03/24
º≠øÔ∆Ø∫∞Ω√µø¿€±∏√ª,º≠øÔ∆Ø∫∞Ω√ µø¿€±∏ ∏∏æÁ∑Œ 19,,æÓ∏∞¿Ã∫∏»£,4,,,,,02-820-2906,37.50707192,126.9457209,2020/03/24
º≠øÔ∆Ø∫∞Ω√µø¿€±∏√ª,º≠øÔ∆Ø∫∞Ω√ µø¿€±∏ ∏∏æÁ∑Œ 8±Ê 50,,æÓ∏∞¿Ã∫∏»£,3,,,,,02-820-2906,37.51030525,126.9468677,2020/03/24
º≠øÔ∆Ø∫∞Ω√µø¿€±∏√ª,º≠øÔ∆Ø∫∞Ω√ µø¿€±∏ µÓøÎ∑Œ 66,,æÓ∏∞¿Ã∫∏»£,4,,,,,02-820-2906,37.50703628,126.9325018,2020/03/24
º≠øÔ∆Ø∫∞Ω√µø¿€±∏√ª,º≠øÔ∆Ø∫∞Ω√ µø¿€±∏ ∏≈∫¿∑Œ 134,,æÓ∏∞¿Ã∫∏»£,4,,,,,02-820-2906,37.51014866,126.9514916,2020/03/24
º≠øÔ∆Ø∫∞Ω√µø¿€±∏√ª,º≠øÔ∆Ø∫∞Ω√ µø¿€±∏ ¿ÂΩ¬πË±‚∑Œ4±Ê(¥ıº• 1¬˜ 105µø æ’),,æÓ∏∞¿Ã∫∏»£,3,,,,,02-820-2906,37.501019,126.943881,2020/03/24
º≠øÔ∆Ø∫∞Ω√µø¿€±∏√ª,º≠øÔ∆Ø∫∞Ω√ µø¿€±∏ ªÁ¥Á∑Œ23≥™±Ê 27(ªÁ¥Á3µø 105-22 ),,æÓ∏∞¿Ã∫∏»£,4,,,,,02-820-2906,37.48825796,126.975792,2020/03/24
º≠øÔ∆Ø∫∞Ω√µø¿€±∏√ª,º≠øÔ∆Ø∫∞Ω√ µø¿€±∏ æÁ≥Á∑Œ29±Ê 39(ªÛµµ4µø 203-19),,¬˜∑ÆπÊπ¸,2,,,,,02-820-2906,37.49982966,126.9419671,2020/03/24
º≠øÔ∆Ø∫∞Ω√µø¿€±∏√ª,º≠øÔ∆Ø∫∞Ω√ µø¿€±∏ æÁ≥Á∑Œ29±Ê 22(ªÛµµ4µø 203-29),,¬˜∑ÆπÊπ¸,1,,,,,02-820-2906,37.49952378,126.9429127,2020/03/24
º≠øÔ∆Ø∫∞Ω√µø¿€±∏√ª,º≠øÔ∆Ø∫∞Ω√ µø¿€±∏ æÁ≥Á∑Œ26∞°±Ê 4(ªÛµµ4µø 211-15),,¬˜∑ÆπÊπ¸,1,,,,,02-820-2906,37.49803611,126.9445875,2020/03/24
º≠øÔ∆Ø∫∞Ω√µø¿€±∏√ª,º≠øÔ∆Ø∫∞Ω√ µø¿€±∏ æÁ≥Á∑Œ26∞°±Ê 4-7(ªÛµµ4µø 211-13),,¬˜∑ÆπÊπ¸,1,,,,,02-820-2906,37.4979858,126.9448861,2020/03/24
º≠øÔ∆Ø∫∞Ω√µø¿€±∏√ª,º≠øÔ∆Ø∫∞Ω√ µø¿€±∏ æÁ≥Á∑Œ22∞°±Ê 60(ªÛµµ4µø 214-322),,¬˜∑ÆπÊπ¸,1,,,,,02-820-2906,37.49689721,126.9445115,2020/03/24
º≠øÔ∆Ø∫∞Ω√µø¿€±∏√ª,º≠øÔ∆Ø∫∞Ω√ µø¿€±∏ æÁ≥Á∑Œ20±Ê 82(ªÛµµ4µø 214-87),,¬˜∑ÆπÊπ¸,1,,,,,02-820-2906,37.49594222,126.9446931,2020/03/24
º≠øÔ∆Ø∫∞Ω√µø¿€±∏√ª,º≠øÔ∆Ø∫∞Ω√ µø¿€±∏ æÁ≥Á∑Œ22±Ê 21 (ªÛµµ4µø 214-71),,¬˜∑ÆπÊπ¸,1,,,,,02-820-2906,37.49435612,126.9439932,2020/03/24
º≠øÔ∆Ø∫∞Ω√µø¿€±∏√ª,º≠øÔ∆Ø∫∞Ω√ µø¿€±∏ æÁ≥Á∑Œ22¥Ÿ±Ê 1 (ªÛµµ4µø 214-185),,¬˜∑ÆπÊπ¸,1,,,,,02-820-2906,37.49580912,126.945227,2020/03/24
º≠øÔ∆Ø∫∞Ω√µø¿€±∏√ª,º≠øÔ∆Ø∫∞Ω√ µø¿€±∏ æÁ≥Á∑Œ22±Ê 77 (ªÛµµ4µø 214-402),,¬˜∑ÆπÊπ¸,1,,,,,02-820-2906,37.49525073,126.945734,2020/03/24
º≠øÔ∆Ø∫∞Ω√µø¿€±∏√ª,º≠øÔ∆Ø∫∞Ω√ µø¿€±∏ æÁ≥Á∑Œ26≥™±Ê 41(ªÛµµ4µø 214-363),,¬˜∑ÆπÊπ¸,1,,,,,02-820-2906,37.49685116,126.9462621,2020/03/24
º≠øÔ∆Ø∫∞Ω√µø¿€±∏√ª,º≠øÔ∆Ø∫∞Ω√ µø¿€±∏ æÁ≥Á∑Œ26≥™±Ê 49,,¬˜∑ÆπÊπ¸,1,,,,,02-820-2906,37.496381,126.946501,2020/03/24
º≠øÔ∆Ø∫∞Ω√µø¿€±∏√ª,º≠øÔ∆Ø∫∞Ω√ µø¿€±∏ æÁ≥Á∑Œ 22πŸ±Ê 26(ªÛµµ4µø 214-299),,¬˜∑ÆπÊπ¸,1,,,,,02-820-2906,37.49613062,126.9468461,2020/03/24
º≠øÔ∆Ø∫∞Ω√µø¿€±∏√ª,º≠øÔ∆Ø∫∞Ω√ µø¿€±∏ Ω≈¥ÎπÊ1≥™±Ê 46 (Ω≈¥ÎπÊ1µø 686-23),,¬˜∑ÆπÊπ¸,4,,,,,02-820-2906,37.486173,126.906655,2020/03/24
º≠øÔ∆Ø∫∞Ω√µø¿€±∏√ª,º≠øÔ∆Ø∫∞Ω√ µø¿€±∏ Ω≈¥ÎπÊ1≥™±Ê 54(Ω≈¥ÎπÊ1µø 686-50),,¬˜∑ÆπÊπ¸,4,,,,,02-820-2906,37.48602485,126.9061667,2020/03/24
º≠øÔ∆Ø∫∞Ω√µø¿€±∏√ª,º≠øÔ∆Ø∫∞Ω√ µø¿€±∏ Ω≈¥ÎπÊ13±Ê 33(Ω≈¥ÎπÊ1µø 689-16),,¬˜∑ÆπÊπ¸,1,,,,,02-820-2906,37.48819305,126.9089501,2020/03/24
º≠øÔ∆Ø∫∞Ω√µø¿€±∏√ª,º≠øÔ∆Ø∫∞Ω√ µø¿€±∏ ±πªÁ∫¿±Ê 71(ªÛµµ3µø 298-13),,¬˜∑ÆπÊπ¸,1,,,,,02-820-2906,37.49673863,126.9308464,2020/03/24
º≠øÔ∆Ø∫∞Ω√µø¿€±∏√ª,º≠øÔ∆Ø∫∞Ω√ µø¿€±∏ ±πªÁ∫¿8±Ê 21(ªÛµµ3µø 299-83),,¬˜∑ÆπÊπ¸,1,,,,,02-820-2906,37.49587701,126.9304085,2020/03/24
º≠øÔ∆Ø∫∞Ω√µø¿€±∏√ª,º≠øÔ∆Ø∫∞Ω√ µø¿€±∏ ±πªÁ∫¿10±Ê 32-1(ªÛµµ3µø 299-126),,¬˜∑ÆπÊπ¸,1,,,,,02-820-2906,37.49463052,126.9312645,2020/03/24
º≠øÔ∆Ø∫∞Ω√µø¿€±∏√ª,º≠øÔ∆Ø∫∞Ω√ µø¿€±∏ ±πªÁ∫¿±Ê 87(ªÛµµ3µø 294-15),,¬˜∑ÆπÊπ¸,1,,,,,02-820-2906,37.49619826,126.9312586,2020/03/24
º≠øÔ∆Ø∫∞Ω√µø¿€±∏√ª,º≠øÔ∆Ø∫∞Ω√ µø¿€±∏ ±πªÁ∫¿±Ê 98(ªÛµµ3µø 299-14),,¬˜∑ÆπÊπ¸,1,,,,,02-820-2906,37.49565421,126.9315259,2020/03/24
º≠øÔ∆Ø∫∞Ω√µø¿€±∏√ª,º≠øÔ∆Ø∫∞Ω√ µø¿€±∏ ±πªÁ∫¿12±Ê 11(ªÛµµ3µø 299-16),,¬˜∑ÆπÊπ¸,1,,,,,02-820-2906,37.49524356,126.9318791,2020/03/24
º≠øÔ∆Ø∫∞Ω√µø¿€±∏√ª,º≠øÔ∆Ø∫∞Ω√ µø¿€±∏ ±πªÁ∫¿1∞°±Ê 15(ªÛµµ3µø 288-12),,¬˜∑ÆπÊπ¸,1,,,,,02-820-2906,37.49495964,126.9332816,2020/03/24
º≠øÔ∆Ø∫∞Ω√µø¿€±∏√ª,º≠øÔ∆Ø∫∞Ω√ µø¿€±∏ µø¿€¥Î∑Œ19±Ê 39(ªÁ¥Á1µø 1004-40),,¬˜∑ÆπÊπ¸,4,,,,,02-820-2906,37.48342938,126.9794901,2020/03/24
º≠øÔ∆Ø∫∞Ω√µø¿€±∏√ª,º≠øÔ∆Ø∫∞Ω√ µø¿€±∏ µø¿€¥Î∑Œ13±Ê 18(ªÁ¥Á1µø 1010-1),,¬˜∑ÆπÊπ¸,4,,,,,02-820-2906,37.48193734,126.9796397,2020/03/24
º≠øÔ∆Ø∫∞Ω√µø¿€±∏√ª,º≠øÔ∆Ø∫∞Ω√ µø¿€±∏ µø¿€¥Î∑Œ11±Ê 42(ªÁ¥Á1µø 1017-28),,¬˜∑ÆπÊπ¸,4,,,,,02-820-2906,37.48134261,126.9792871,2020/03/24
º≠øÔ∆Ø∫∞Ω√µø¿€±∏√ª,º≠øÔ∆Ø∫∞Ω√ µø¿€±∏ ªÁ¥Á∑Œ26±Ê 71(ªÁ¥Á1µø 1026-1),,¬˜∑ÆπÊπ¸,3,,,,,02-820-2906,37.48064683,126.9781884,2020/03/24
º≠øÔ∆Ø∫∞Ω√µø¿€±∏√ª,º≠øÔ∆Ø∫∞Ω√ µø¿€±∏ ªÁ¥Á∑Œ26±Ê 48(ªÁ¥Á1µø 1016-46),,¬˜∑ÆπÊπ¸,5,,,,,02-820-2906,37.48174964,126.9780298,2020/03/24
º≠øÔ∆Ø∫∞Ω√µø¿€±∏√ª,º≠øÔ∆Ø∫∞Ω√ µø¿€±∏ µø¿€¥Î∑Œ17±Ê 33(ªÁ¥Á1µø 1012-40),,¬˜∑ÆπÊπ¸,5,,,,,02-820-2906,37.48278761,126.9780792,2020/03/24
º≠øÔ∆Ø∫∞Ω√µø¿€±∏√ª,º≠øÔ∆Ø∫∞Ω√ µø¿€±∏ µø¿€¥Î∑Œ15±Ê 84 (ªÁ¥Á1µø 1012-5),,¬˜∑ÆπÊπ¸,4,,,,,02-820-2906,37.48247024,126.9769487,2020/03/24
º≠øÔ∆Ø∫∞Ω√µø¿€±∏√ª,º≠øÔ∆Ø∫∞Ω√ µø¿€±∏ ªÁ¥Á∑Œ22±Ê 60 (ªÁ¥Á1µø 426-17),,¬˜∑ÆπÊπ¸,1,,,,,02-820-2906,37.48076911,126.9768361,2020/03/24
º≠øÔ∆Ø∫∞Ω√µø¿€±∏√ª,º≠øÔ∆Ø∫∞Ω√ µø¿€±∏ µø¿€¥Î∑Œ11±Ê 27(ªÁ¥Á1µø 1020-20),,¬˜∑ÆπÊπ¸,4,,,,,02-820-2906,37.48115893,126.9799927,2020/03/24
º≠øÔ∆Ø∫∞Ω√µø¿€±∏√ª,º≠øÔ∆Ø∫∞Ω√ µø¿€±∏ ±πªÁ∫¿7±Ê 13(ªÛµµ3µø 303-18),,¬˜∑ÆπÊπ¸,1,,,,,02-820-2906,37.49730827,126.9311942,2020/03/24
º≠øÔ∆Ø∫∞Ω√µø¿€±∏√ª,º≠øÔ∆Ø∫∞Ω√ µø¿€±∏ ±πªÁ∫¿1±Ê 122(ªÛµµ3µø 294-46),,¬˜∑ÆπÊπ¸,3,,,,,02-820-2906,37.49622761,126.9321496,2020/03/24
º≠øÔ∆Ø∫∞Ω√µø¿€±∏√ª,º≠øÔ∆Ø∫∞Ω√ µø¿€±∏ ±πªÁ∫¿8±Ê 12(ªÛµµ3µø 299-59),,¬˜∑ÆπÊπ¸,1,,,,,02-820-2906,37.49618686,126.9302499,2020/03/24
º≠øÔ∆Ø∫∞Ω√µø¿€±∏√ª,º≠øÔ∆Ø∫∞Ω√ µø¿€±∏ ªÁ¥Á∑Œ23±Ê 56(ªÁ¥Á3µø 708-610),,¬˜∑ÆπÊπ¸,3,,,,,02-820-2906,37.48608119,126.9754867,2020/03/24
º≠øÔ∆Ø∫∞Ω√µø¿€±∏√ª,º≠øÔ∆Ø∫∞Ω√ µø¿€±∏ ªÁ¥Á∑Œ16±Ê 36-19 (ªÁ¥Á4µø 277-1),,¬˜∑ÆπÊπ¸,3,,,,,02-820-2906,37.48231053,126.9717252,2020/03/24
º≠øÔ∆Ø∫∞Ω√µø¿€±∏√ª,º≠øÔ∆Ø∫∞Ω√ µø¿€±∏ ªÁ¥Á∑Œ16±Ê 44 (ªÁ¥Á4µø 275-39),,¬˜∑ÆπÊπ¸,3,,,,,02-820-2906,37.48180612,126.9723766,2020/03/24
º≠øÔ∆Ø∫∞Ω√µø¿€±∏√ª,º≠øÔ∆Ø∫∞Ω√ µø¿€±∏ ªÁ¥Á∑Œ16±Ê 51-8(ªÁ¥Áµø 314-16),,¬˜∑ÆπÊπ¸,2,,,,,02-820-2906,37.48126196,126.9725939,2020/03/24
º≠øÔ∆Ø∫∞Ω√µø¿€±∏√ª,º≠øÔ∆Ø∫∞Ω√ µø¿€±∏ ªÁ¥Á∑Œ 20 ≥™±Ê58-14(ªÁ¥Á4µø 311-17),,¬˜∑ÆπÊπ¸,4,,,,,02-820-2906,37.48118986,126.9725261,2020/03/24
º≠øÔ∆Ø∫∞Ω√µø¿€±∏√ª,º≠øÔ∆Ø∫∞Ω√ µø¿€±∏ ªÁ¥Á∑Œ 20 ≥™±Ê 52-1(ªÁ¥Á4µø 314-9),,¬˜∑ÆπÊπ¸,4,,,,,02-820-2906,37.48115759,126.9732181,2020/03/24
º≠øÔ∆Ø∫∞Ω√µø¿€±∏√ª,º≠øÔ∆Ø∫∞Ω√ µø¿€±∏ µø¿€¥Î∑Œ19±Ê 53 (ªÁ¥Á1µø 1004-13),,¬˜∑ÆπÊπ¸,3,,,,,02-820-2906,37.48343285,126.9787031,2020/03/24
º≠øÔ∆Ø∫∞Ω√µø¿€±∏√ª,º≠øÔ∆Ø∫∞Ω√ µø¿€±∏ µø¿€¥Î∑Œ15±Ê 26(ªÁ¥Á1µø 1009-23),,¬˜∑ÆπÊπ¸,4,,,,,02-820-2906,37.48236632,126.9802456,2020/03/24
º≠øÔ∆Ø∫∞Ω√µø¿€±∏√ª,º≠øÔ∆Ø∫∞Ω√ µø¿€±∏ ªÁ¥Á∑Œ30±Ê 96(ªÁ¥Á1µø 1029-37),,¬˜∑ÆπÊπ¸,5,,,,,02-820-2906,37.48054275,126.9806848,2020/03/24
º≠øÔ∆Ø∫∞Ω√µø¿€±∏√ª,º≠øÔ∆Ø∫∞Ω√ µø¿€±∏ µø¿€¥Î∑Œ13±Ê 7(ªÁ¥Á1µø 1019-1),,¬˜∑ÆπÊπ¸,5,,,,,02-820-2906,37.48161319,126.9809513,2020/03/24
º≠øÔ∆Ø∫∞Ω√µø¿€±∏√ª,º≠øÔ∆Ø∫∞Ω√ µø¿€±∏ µø¿€¥Î∑Œ17±Ê 5(ªÁ¥Á1µø 1008-1),,¬˜∑ÆπÊπ¸,4,,,,,02-820-2906,37.48256107,126.9810461,2020/03/24
º≠øÔ∆Ø∫∞Ω√µø¿€±∏√ª,º≠øÔ∆Ø∫∞Ω√ µø¿€±∏ µø¿€¥Î∑Œ27¥Ÿ±Ê 26(ªÁ¥Á2µø 138-3),,¬˜∑ÆπÊπ¸,5,,,,,02-820-2906,37.48631635,126.9802627,2020/03/24
º≠øÔ∆Ø∫∞Ω√µø¿€±∏√ª,º≠øÔ∆Ø∫∞Ω√ µø¿€±∏ ªÁ¥Á∑Œ16±Ê 131(ªÁ¥Á4µø 303-89),,¬˜∑ÆπÊπ¸,3,,,,,02-820-2906,37.47819444,126.97056,2020/03/24
º≠øÔ∆Ø∫∞Ω√µø¿€±∏√ª,º≠øÔ∆Ø∫∞Ω√ µø¿€±∏ Ω≈¥ÎπÊ14∞°±Ê 60(Ω≈¥ÎπÊ1µø 632-9),,¬˜∑ÆπÊπ¸,2,,,,,02-820-2906,37.48958068,126.9138603,2020/03/24
º≠øÔ∆Ø∫∞Ω√µø¿€±∏√ª,º≠øÔ∆Ø∫∞Ω√ µø¿€±∏ Ω≈¥ÎπÊ1∞°±Ê 14(Ω≈¥ÎπÊ1µø 694-24),,¬˜∑ÆπÊπ¸,1,,,,,02-820-2906,37.48688502,126.9092592,2020/03/24
º≠øÔ∆Ø∫∞Ω√µø¿€±∏√ª,º≠øÔ∆Ø∫∞Ω√ µø¿€±∏ »ÊºÆ∑Œ 105(»ÊºÆµø 183-5 ) ¡ﬂ¥Î∫¥ø¯,,±≥≈Î¥‹º”,1,,,,,02-820-2906,37.50800417,126.9609392,2020/03/24
º≠øÔ∆Ø∫∞Ω√µø¿€±∏√ª,º≠øÔ∆Ø∫∞Ω√ µø¿€±∏ ∏∏æÁ∑Œ 100(≥Î∑Æ¡¯1µø 118-5 ),,±≥≈Î¥‹º”,1,,,,,02-820-2906,37.51238724,126.9444005,2020/03/24
º≠øÔ∆Ø∫∞Ω√µø¿€±∏√ª,º≠øÔ∆Ø∫∞Ω√ µø¿€±∏ ∏∏æÁ∑Œ 79(≥Î∑Æ¡¯1µø 224-1),,±≥≈Î¥‹º”,1,,,,,02-820-2906,37.51050604,126.944619,2020/03/24
º≠øÔ∆Ø∫∞Ω√µø¿€±∏√ª,º≠øÔ∆Ø∫∞Ω√ µø¿€±∏ µø¿€¥Î∑Œ27±Ê 18(ªÁ¥Á2µø 132-6),,±≥≈Î¥‹º”,1,,,,,02-820-2906,37.48764996,126.9810176,2020/03/24
º≠øÔ∆Ø∫∞Ω√µø¿€±∏√ª,º≠øÔ∆Ø∫∞Ω√ µø¿€±∏ º∫¥Î∑Œ 11(ªÛµµ4µø 248-17),,±≥≈Î¥‹º”,1,,,,,02-820-2906,37.50002649,126.9325624,2020/03/24
º≠øÔ∆Ø∫∞Ω√µø¿€±∏√ª,º≠øÔ∆Ø∫∞Ω√ µø¿€±∏ ∫∏∂Û∏≈∑Œ5∞°±Ê 7(Ω≈¥ÎπÊ2µø 395-73),,±≥≈Î¥‹º”,1,,,,,02-820-2906,37.49189135,126.9251563,2020/03/24
º≠øÔ∆Ø∫∞Ω√µø¿€±∏√ª,º≠øÔ∆Ø∫∞Ω√ µø¿€±∏ ªÛµµ∑Œ 16(¥ÎπÊµø 401-21),,±≥≈Î¥‹º”,1,,,,,02-820-2906,37.49971746,126.9223168,2020/03/24
º≠øÔ∆Ø∫∞Ω√µø¿€±∏√ª,º≠øÔ∆Ø∫∞Ω√ µø¿€±∏ ≥ÎµÈ∑Œ 734(≥Î∑Æ¡¯1µø 2-3),,±≥≈Î¥‹º”,1,,,,,02-820-2906,37.51615358,126.9447099,2020/03/24
º≠øÔ∆Ø∫∞Ω√µø¿€±∏√ª,º≠øÔ∆Ø∫∞Ω√ µø¿€±∏ ªÁ¥Á∑Œ 243(ªÁ¥Á3µø 708-413),,±≥≈Î¥‹º”,1,,,,,02-820-2906,37.48347893,126.9747956,2020/03/24
º≠øÔ∆Ø∫∞Ω√µø¿€±∏√ª,º≠øÔ∆Ø∫∞Ω√ µø¿€±∏ º≠¥ﬁ∑Œ 166(»ÊºÆµø 97-1),,±≥≈Î¥‹º”,1,,,,,02-820-2906,37.50776333,126.9628801,2020/03/24
º≠øÔ∆Ø∫∞Ω√µø¿€±∏√ª,º≠øÔ∆Ø∫∞Ω√ µø¿€±∏ ø©¿«¥ÎπÊ∑Œ 250(¥ÎπÊµø 501),,±≥≈Î¥‹º”,1,,,,,02-820-2906,37.50874336,126.9245197,2020/03/24
º≠øÔ∆Ø∫∞Ω√µø¿€±∏√ª,º≠øÔ∆Ø∫∞Ω√ µø¿€±∏ ∏∏æÁ∑Œ43(≥Î∑Æ¡¯1µø 217-41),,±≥≈Î¥‹º”,1,,,,,02-820-2906,37.50809614,126.9471995,2020/03/24
º≠øÔ∆Ø∫∞Ω√µø¿€±∏√ª,º≠øÔ∆Ø∫∞Ω√ µø¿€±∏ º≠¥ﬁ∑Œ 144(»ÊºÆµø 86-117) ¡ﬂ¥Î∫Œ√ ,,±≥≈Î¥‹º”,1,,,,,02-820-2906,37.50624194,126.9613518,2020/03/24
º≠øÔ∆Ø∫∞Ω√µø¿€±∏√ª,º≠øÔ∆Ø∫∞Ω√ µø¿€±∏ ø©¿«¥ÎπÊ∑Œ10±Ê 24(Ω≈¥ÎπÊ1µø 492-200) ¥ÎπÊ¡ﬂ«–±≥,,±≥≈Î¥‹º”,1,,,,,02-820-2906,37.49559254,126.9143329,2020/03/24
º≠øÔ∆Ø∫∞Ω√µø¿€±∏√ª,º≠øÔ∆Ø∫∞Ω√ µø¿€±∏ ∫∏∂Û∏≈∑Œ5±Ê 20(Ω≈¥ÎπÊ2µø 425) ∫∏∂Û∏≈∫¥ø¯,,±≥≈Î¥‹º”,1,,,,,02-820-2906,37.49301528,126.924332,2020/03/24
º≠øÔ∆Ø∫∞Ω√µø¿€±∏√ª,º≠øÔ∆Ø∫∞Ω√ µø¿€±∏ ªÁ¥Á∑Œ 283(ªÁ¥Á3µø 150-10),,±≥≈Î¥‹º”,1,,,,,02-820-2906,37.48455374,126.978929,2020/03/24
º≠øÔ∆Ø∫∞Ω√µø¿€±∏√ª,º≠øÔ∆Ø∫∞Ω√ µø¿€±∏ ∫∏∂Û∏≈∑Œ 113(¥ÎπÊµø 405-11),,±≥≈Î¥‹º”,1,,,,,02-820-2906,37.49946151,126.9278991,2020/03/24
º≠øÔ∆Ø∫∞Ω√µø¿€±∏√ª,º≠øÔ∆Ø∫∞Ω√ µø¿€±∏ ªÁ¥Á∑Œ 214,,±≥≈Î¥‹º”,1,,,,,02-820-2906,37.484271,126.971951,2020/03/24
º≠øÔ∆Ø∫∞Ω√µø¿€±∏√ª,º≠øÔ∆Ø∫∞Ω√ µø¿€±∏ µø¿€¥Î∑Œ 29±Ê 69(ªÁ¥Á2µø 120-4),,±≥≈Î¥‹º”,1,,,,,02-820-2906,37.48845316,126.9781092,2020/03/24
º≠øÔ∆Ø∫∞Ω√µø¿€±∏√ª,º≠øÔ∆Ø∫∞Ω√ µø¿€±∏ ªÛµµ∑Œ 348(ªÛµµ1µø 475),,±≥≈Î¥‹º”,1,,,,,02-820-2906,37.49722862,126.9524046,2020/03/24
º≠øÔ∆Ø∫∞Ω√µø¿€±∏√ª,º≠øÔ∆Ø∫∞Ω√ µø¿€±∏ Ω≈¥ÎπÊ1∞°±Ê 51(Ω≈¥ÎπÊ1µø 695),,±≥≈Î¥‹º”,1,,,,,02-820-2906,37.48660625,126.9076313,2020/03/24
º≠øÔ∆Ø∫∞Ω√µø¿€±∏√ª,º≠øÔ∆Ø∫∞Ω√ µø¿€±∏ »ÊºÆ«—∞≠∑Œ13(»ÊºÆµø 39-10),,±≥≈Î¥‹º”,1,,,,,02-820-2906,37.50564527,126.9665727,2020/03/24
º≠øÔ∆Ø∫∞Ω√µø¿€±∏√ª,º≠øÔ∆Ø∫∞Ω√ µø¿€±∏ ≥≤∫Œº¯»Ø∑Œ271±Ê 14(ªÁ¥Á1µø 1041-11),,±≥≈Î¥‹º”,1,,,,,02-820-2906,37.47741075,126.9801158,2020/03/24
º≠øÔ∆Ø∫∞Ω√µø¿€±∏√ª,º≠øÔ∆Ø∫∞Ω√ µø¿€±∏ ø©¿«¥ÎπÊ∑Œ62±Ê 14(¥ÎπÊµø 101-5),,±≥≈Î¥‹º”,1,,,,,02-820-2906,37.51390299,126.9281793,2020/03/24
º≠øÔ∆Ø∫∞Ω√µø¿€±∏√ª,º≠øÔ∆Ø∫∞Ω√ µø¿€±∏ ªÛµµ∑Œ 31±Ê 19 (ªÛµµ2µø 527),,±≥≈Î¥‹º”,1,,,,,02-820-2906,37.50623524,126.9445408,2020/03/24
º≠øÔ∆Ø∫∞Ω√µø¿€±∏√ª,º≠øÔ∆Ø∫∞Ω√ µø¿€±∏ ¿ÂΩ¬πË±‚∑Œ 4±Ê 9 (ªÛµµ2µø 521),,±≥≈Î¥‹º”,1,,,,,02-820-2906,37.50144876,126.943816,2020/03/24
º≠øÔ∆Ø∫∞Ω√µø¿€±∏√ª,º≠øÔ∆Ø∫∞Ω√ µø¿€±∏ ªÛµµ∑Œ 50±Ê 33 (ªÛµµ1µø 470-8),,±≥≈Î¥‹º”,1,,,,,02-820-2906,37.49732512,126.9504414,2020/03/24
º≠øÔ∆Ø∫∞Ω√µø¿€±∏√ª,º≠øÔ∆Ø∫∞Ω√ µø¿€±∏ ªÁ¥Á∑Œ 300 (ªÁ¥Á1µø 147-29),,±≥≈Î¥‹º”,1,,,,,02-820-2906,37.48443875,126.980928,2020/03/24
º≠øÔ∆Ø∫∞Ω√µø¿€±∏√ª,º≠øÔ∆Ø∫∞Ω√ µø¿€±∏ ø©¿«¥ÎπÊ∑Œ 54±Ê 12 (¥ÎπÊµø 344-10),,±≥≈Î¥‹º”,1,,,,,02-820-2906,37.51188731,126.9264982,2020/03/24
º≠øÔ∆Ø∫∞Ω√µø¿€±∏√ª,º≠øÔ∆Ø∫∞Ω√ µø¿€±∏ ≥ÎµÈ∑Œ 674,,±≥≈Î¥‹º”,1,,,,,02-820-2906,37.51482396,126.9379739,2020/03/24
º≠øÔ∆Ø∫∞Ω√µø¿€±∏√ª,º≠øÔ∆Ø∫∞Ω√ µø¿€±∏ ≥ÎµÈ∑Œ 674,,±≥≈Î¥‹º”,1,,,,,02-820-2906,37.51482396,126.9379739,2020/03/24
º≠øÔ∆Ø∫∞Ω√µø¿€±∏√ª,º≠øÔ∆Ø∫∞Ω√ µø¿€±∏ ªÛµµ∑Œ15±Ê 120(ªÛµµ2µø 365-7»£),,±≥≈Î¥‹º”,1,,,,,02-820-2906,37.50458461,126.93734,2020/03/24
º≠øÔ∆Ø∫∞Ω√µø¿€±∏√ª,º≠øÔ∆Ø∫∞Ω√ µø¿€±∏ ªÁ¥Á∑Œ16±Ê 35(ªÁ¥Á4µø 316-4),,±≥≈Î¥‹º”,1,,,,,02-820-2906,37.48197924,126.9729193,2020/03/24
º≠øÔ∆Ø∫∞Ω√µø¿€±∏√ª,º≠øÔ∆Ø∫∞Ω√ µø¿€±∏ ø©¿«¥ÎπÊ∑Œ22±Ê 77(Ω≈¥ÎπÊ2µø 361-2),,±≥≈Î¥‹º”,1,,,,,02-820-2906,37.49792048,126.9245216,2020/03/24
º≠øÔ∆Ø∫∞Ω√µø¿€±∏√ª,º≠øÔ∆Ø∫∞Ω√ µø¿€±∏ ªÁ¥Á∑Œ23±Ê 112,,±≥≈Î¥‹º”,1,,,,,02-820-2906,37.4877494,126.9733831,2020/03/24
º≠øÔ∆Ø∫∞Ω√µø¿€±∏√ª,º≠øÔ∆Ø∫∞Ω√ µø¿€±∏ ªÁ¥Á∑Œ23±Ê 112,,±≥≈Î¥‹º”,1,,,,,02-820-2906,37.4877494,126.9733831,2020/03/24
º≠øÔ∆Ø∫∞Ω√µø¿€±∏√ª,,º≠øÔ∆Ø∫∞Ω√ µø¿€±∏ ªÛµµµø 34-21,±≥≈Î¥‹º”,1,,,,,02-820-2906,37.505211,126.946634,2020/03/24
º≠øÔ∆Ø∫∞Ω√µø¿€±∏√ª,,º≠øÔ∆Ø∫∞Ω√ µø¿€±∏ ªÛµµµø 36-38,±≥≈Î¥‹º”,1,,,,,02-820-2906,37.504028,126.947027,2020/03/24
º≠øÔ∆Ø∫∞Ω√µø¿€±∏√ª,,º≠øÔ∆Ø∫∞Ω√ µø¿€±∏ »ÊºÆµø 173-8,±≥≈Î¥‹º”,1,,,,,02-820-2906,37.509961,126.960359,2020/03/24
º≠øÔ∆Ø∫∞Ω√µø¿€±∏√ª,,º≠øÔ∆Ø∫∞Ω√ µø¿€±∏ »ÊºÆµø 169-28,±≥≈Î¥‹º”,1,,,,,02-820-2906,37.509137,126.960792,2020/03/24
º≠øÔ∆Ø∫∞Ω√µø¿€±∏√ª,,º≠øÔ∆Ø∫∞Ω√ µø¿€±∏ »ÊºÆµø 245-33,±≥≈Î¥‹º”,1,,,,,02-820-2906,37.504668,126.960846,2020/03/24
º≠øÔ∆Ø∫∞Ω√µø¿€±∏√ª,º≠øÔ∆Ø∫∞Ω√ µø¿€±∏ ≥Î∑Æ¡¯∑Œ14±Ê 33(≥Î∑Æ¡¯1µø 83-10),,æ≤∑π±‚¥‹º”,1,,,,,02-820-2906,37.51220623,126.942713,2020/03/24
º≠øÔ∆Ø∫∞Ω√µø¿€±∏√ª,º≠øÔ∆Ø∫∞Ω√ µø¿€±∏ ≥Î∑Æ¡¯∑Œ6±Ê 63(≥Î∑Æ¡¯2µø 289-90),,æ≤∑π±‚¥‹º”,1,,,,,02-820-2906,37.51038654,126.9363443,2020/03/24
º≠øÔ∆Ø∫∞Ω√µø¿€±∏√ª,º≠øÔ∆Ø∫∞Ω√ µø¿€±∏ ªÛµµ∑Œ47±Ê 54(ªÛµµ1µø 333-13),,æ≤∑π±‚¥‹º”,1,,,,,02-820-2906,37.50160383,126.9522344,2020/03/24
º≠øÔ∆Ø∫∞Ω√µø¿€±∏√ª,º≠øÔ∆Ø∫∞Ω√ µø¿€±∏ ªÛµµ∑Œ15±Ê112(ªÛµµµø 359-5),,æ≤∑π±‚¥‹º”,1,,,,,02-820-2906,37.50444024,126.9369511,2020/03/24
º≠øÔ∆Ø∫∞Ω√µø¿€±∏√ª,º≠øÔ∆Ø∫∞Ω√ µø¿€±∏ º∫¥Î∑Œ6≥™±Ê 21(ªÛµµ3µø 307-12),,æ≤∑π±‚¥‹º”,1,,,,,02-820-2906,37.49792125,126.9317093,2020/03/24
º≠øÔ∆Ø∫∞Ω√µø¿€±∏√ª,º≠øÔ∆Ø∫∞Ω√ µø¿€±∏ æÁ≥Á∑Œ25±Ê 12(ªÛµµ4µø 210-254),,æ≤∑π±‚¥‹º”,1,,,,,02-820-2906,37.49828043,126.9430041,2020/03/24
º≠øÔ∆Ø∫∞Ω√µø¿€±∏√ª,º≠øÔ∆Ø∫∞Ω√ µø¿€±∏ º≠¥ﬁ∑Œ12≥™±Ê 2-5(»ÊºÆµø 55-3),,æ≤∑π±‚¥‹º”,1,,,,,02-820-2906,37.50660294,126.9632155,2020/03/24
º≠øÔ∆Ø∫∞Ω√µø¿€±∏√ª,º≠øÔ∆Ø∫∞Ω√ µø¿€±∏ µø¿€¥Î∑Œ 19(ªÁ¥Á1µø 1042-1),,æ≤∑π±‚¥‹º”,1,,,,,02-820-2906,37.47830829,126.9809567,2020/03/24
º≠øÔ∆Ø∫∞Ω√µø¿€±∏√ª,º≠øÔ∆Ø∫∞Ω√ µø¿€±∏ µø¿€¥Î∑Œ35±Ê 25(ªÁ¥Á2µø 71-2),,æ≤∑π±‚¥‹º”,1,,,,,02-820-2906,37.49108819,126.9808901,2020/03/24
º≠øÔ∆Ø∫∞Ω√µø¿€±∏√ª,º≠øÔ∆Ø∫∞Ω√ µø¿€±∏ ªÁ¥Á∑Œ23±Ê 242(ªÁ¥Á3µø 708-926),,æ≤∑π±‚¥‹º”,1,,,,,02-820-2906,37.49232543,126.9689035,2020/03/24
º≠øÔ∆Ø∫∞Ω√µø¿€±∏√ª,º≠øÔ∆Ø∫∞Ω√ µø¿€±∏ ªÁ¥Á∑Œ16±Ê 28(ªÁ¥Á4µø 277-39),,æ≤∑π±‚¥‹º”,1,,,,,02-820-2906,37.4823973,126.972901,2020/03/24
º≠øÔ∆Ø∫∞Ω√µø¿€±∏√ª,º≠øÔ∆Ø∫∞Ω√ µø¿€±∏ ªÁ¥Á∑Œ16¥Ÿ±Ê 95(ªÁ¥Áµø 230-9),,æ≤∑π±‚¥‹º”,1,,,,,02-820-2906,37.48444684,126.968242,2020/03/24
º≠øÔ∆Ø∫∞Ω√µø¿€±∏√ª,º≠øÔ∆Ø∫∞Ω√ µø¿€±∏ ¥ÎπÊµø1±Ê 29(¥ÎπÊµø 396-16),,æ≤∑π±‚¥‹º”,1,,,,,02-820-2906,37.50019816,126.9244243,2020/03/24
º≠øÔ∆Ø∫∞Ω√µø¿€±∏√ª,º≠øÔ∆Ø∫∞Ω√ µø¿€±∏ Ω≈¥ÎπÊ2±Ê 52(Ω≈¥ÎπÊ1µø 600-37),,æ≤∑π±‚¥‹º”,1,,,,,02-820-2906,37.48910712,126.9119205,2020/03/24
º≠øÔ∆Ø∫∞Ω√µø¿€±∏√ª,º≠øÔ∆Ø∫∞Ω√ µø¿€±∏ ±πªÁ∫¿±Ê 22(Ω≈¥ÎπÊ2µø 338-23),,æ≤∑π±‚¥‹º”,1,,,,,02-820-2906,37.4982765,126.9290809,2020/03/24
º≠øÔ∆Ø∫∞Ω√µø¿€±∏√ª,º≠øÔ∆Ø∫∞Ω√ µø¿€±∏ º≠¥ﬁ∑Œ13±Ê 17(»ÊºÆµø 181-23),,æ≤∑π±‚¥‹º”,1,,,,,02-820-2906,37.50850546,126.9619388,2020/03/24
º≠øÔ∆Ø∫∞Ω√µø¿€±∏√ª,º≠øÔ∆Ø∫∞Ω√ µø¿€±∏ ≥Î∑Æ¡¯∑Œ 6±Ê 53,,æ≤∑π±‚¥‹º”,1,,,,,02-820-2906,37.51065309,126.9360636,2020/03/24
º≠øÔ∆Ø∫∞Ω√µø¿€±∏√ª,,º≠øÔ∆Ø∫∞Ω√ µø¿€±∏ »ÊºÆµø 9-787,æ≤∑π±‚¥‹º”,1,,,,,02-820-2906,37.507271,126.965211,2020/03/24
º≠øÔ∆Ø∫∞Ω√µø¿€±∏√ª,º≠øÔ∆Ø∫∞Ω√ µø¿€±∏ «ˆ√Ê∑Œ 10±Ê 91,,æ≤∑π±‚¥‹º”,1,,,,,02-820-2906,37.5045432,126.9693916,2020/03/24
º≠øÔ∆Ø∫∞Ω√µø¿€±∏√ª,º≠øÔ∆Ø∫∞Ω√ µø¿€±∏ º≠¥ﬁ∑Œ 1752,,±‚≈∏,10,,,,,02-820-2906,37.508281,126.963081,2020/03/24
º≠øÔ∆Ø∫∞Ω√µø¿€±∏√ª,º≠øÔ∆Ø∫∞Ω√ µø¿€±∏ ≥Î∑Æ¡¯∑Œ23∞°±Ê 20,,±‚≈∏,4,,,,,02-820-2906,37.51508958,126.9510269,2020/03/24
º≠øÔ∆Ø∫∞Ω√µø¿€±∏√ª,º≠øÔ∆Ø∫∞Ω√ µø¿€±∏ ≥Î∑Æ¡¯∑Œ17±Ê 44,,±‚≈∏,9,,,,,02-820-2906,37.51590812,126.9439002,2020/03/24
º≠øÔ∆Ø∫∞Ω√µø¿€±∏√ª,º≠øÔ∆Ø∫∞Ω√ µø¿€±∏ ≥ÎµÈ∑Œ 6180,,±‚≈∏,9,,,,,02-820-2906,37.514321,126.930691,2020/03/24
º≠øÔ∆Ø∫∞Ω√µø¿€±∏√ª,º≠øÔ∆Ø∫∞Ω√ µø¿€±∏ Ω≈¥ÎπÊ1±Ê 109,,±‚≈∏,5,,,,,02-820-2906,37.48528937,126.905842,2020/03/24
º≠øÔ∆Ø∫∞Ω√µø¿€±∏√ª,º≠øÔ∆Ø∫∞Ω√ µø¿€±∏ Ω≈¥ÎπÊ2±Ê 12,,±‚≈∏,2,,,,,02-820-2906,37.48799082,126.9132018,2020/03/24
º≠øÔ∆Ø∫∞Ω√µø¿€±∏√ª,º≠øÔ∆Ø∫∞Ω√ µø¿€±∏ ≥Î∑Æ¡¯∑Œ 20-2,,±‚≈∏,6,,,,,02-820-2906,37.51265589,126.928004,2020/03/24
º≠øÔ∆Ø∫∞Ω√µø¿€±∏√ª,º≠øÔ∆Ø∫∞Ω√ µø¿€±∏ ≥Î∑Æ¡¯∑Œ32±Ê 14-7,,±‚≈∏,5,,,,,02-820-2906,37.51292184,126.9558015,2020/03/24
º≠øÔ∆Ø∫∞Ω√µø¿€±∏√ª,º≠øÔ∆Ø∫∞Ω√ µø¿€±∏ ªÛµµ∑Œ53±Ê 39,,±‚≈∏,1,,,,,02-820-2906,37.50059884,126.9535696,2020/03/24
º≠øÔ∆Ø∫∞Ω√µø¿€±∏√ª,,º≠øÔ∆Ø∫∞Ω√ µø¿€±∏ ªÛµµµø 159-334,±‚≈∏,8,,,,,02-820-2906,37.502252,126.946281,2020/03/24
º≠øÔ∆Ø∫∞Ω√µø¿€±∏√ª,º≠øÔ∆Ø∫∞Ω√ µø¿€±∏ µø¿€¥Î∑Œ 9 (ªÁ¥Áø™ 8π¯√‚±∏),,±‚≈∏,1,,,,,02-820-2906,37.47744338,126.981287,2020/03/24
º≠øÔ∆Ø∫∞Ω√µø¿€±∏√ª,º≠øÔ∆Ø∫∞Ω√ µø¿€±∏ Ω≈¥ÎπÊ1±Ê 109,,±‚≈∏,1,,,,,02-820-2906,37.48528937,126.905842,2020/03/24
º≠øÔ∆Ø∫∞Ω√µø¿€±∏√ª,º≠øÔ∆Ø∫∞Ω√ µø¿€±∏ ¥Î∏≤∑Œ 19,,±‚≈∏,1,,,,,02-820-2906,37.48702334,126.9110546,2020/03/24
º≠øÔ∆Ø∫∞Ω√µø¿€±∏√ª,º≠øÔ∆Ø∫∞Ω√ µø¿€±∏ Ω≈¥ÎπÊ2±Ê 14,,±‚≈∏,1,,,,,02-820-2906,37.48898312,126.9148425,2020/03/24
º≠øÔ∆Ø∫∞Ω√µø¿€±∏√ª,º≠øÔ∆Ø∫∞Ω√ µø¿€±∏ ø©¿«¥ÎπÊ∑Œ20±Ê 33,,±‚≈∏,1,,,,,02-820-2906,37.49040892,126.9179572,2020/03/24